latitude,longitude,elevation,utc_offset_seconds,timezone,timezone_abbreviation
-33.848858,151.19551,86.0,36000,Australia/Sydney,GMT+10

time,precipitation_sum (mm),wind_gusts_10m_max (km/h),wind_speed_10m_max (km/h),wind_direction_10m_dominant (°)
2016-01-01,0.00,34.9,15.5,69
2016-01-02,0.00,35.3,13.7,134
2016-01-03,1.30,40.7,18.4,148
2016-01-04,15.60,34.2,18.2,116
2016-01-05,52.30,40.7,21.8,127
2016-01-06,41.20,44.6,23.7,175
2016-01-07,0.70,56.5,26.2,199
2016-01-08,0.00,39.6,13.6,117
2016-01-09,0.00,32.0,14.2,64
2016-01-10,0.00,39.2,18.4,50
2016-01-11,1.30,28.1,10.9,22
2016-01-12,0.60,53.6,23.5,171
2016-01-13,0.00,33.5,15.1,61
2016-01-14,6.50,56.5,27.9,209
2016-01-15,18.00,60.8,28.2,179
2016-01-16,0.70,42.1,18.5,160
2016-01-17,0.00,28.1,12.4,155
2016-01-18,0.00,30.6,14.0,49
2016-01-19,0.00,32.4,14.0,24
2016-01-20,0.00,30.2,13.4,342
2016-01-21,14.80,36.0,15.4,346
2016-01-22,13.00,34.6,13.1,21
2016-01-23,4.90,45.0,19.9,186
2016-01-24,0.20,28.1,11.8,141
2016-01-25,1.80,37.1,16.7,93
2016-01-26,4.70,36.7,17.0,85
2016-01-27,2.30,33.1,17.2,50
2016-01-28,0.10,24.5,11.7,37
2016-01-29,8.00,41.0,11.8,48
2016-01-30,10.60,43.9,18.7,119
2016-01-31,0.00,43.2,20.6,299
2016-02-01,2.50,34.9,13.1,242
2016-02-02,0.00,35.3,14.5,171
2016-02-03,0.00,38.2,17.7,103
2016-02-04,1.30,61.2,31.4,183
2016-02-05,0.40,58.7,26.9,166
2016-02-06,1.40,43.9,17.3,141
2016-02-07,0.40,30.6,12.0,140
2016-02-08,0.00,31.0,11.8,165
2016-02-09,1.20,40.7,18.1,155
2016-02-10,0.00,37.1,16.9,38
2016-02-11,0.00,35.3,15.3,75
2016-02-12,1.00,36.0,15.2,65
2016-02-13,0.00,35.6,16.6,33
2016-02-14,0.90,43.2,21.1,143
2016-02-15,0.40,31.3,14.1,149
2016-02-16,0.50,54.0,22.2,169
2016-02-17,0.70,30.6,15.2,156
2016-02-18,0.00,37.4,17.1,83
2016-02-19,0.00,36.4,17.2,33
2016-02-20,1.10,47.9,18.8,172
2016-02-21,1.10,37.8,14.8,131
2016-02-22,0.00,36.7,17.4,48
2016-02-23,0.00,35.6,16.4,44
2016-02-24,0.00,40.7,18.1,41
2016-02-25,0.00,29.9,13.8,23
2016-02-26,0.00,50.0,27.1,157
2016-02-27,1.90,42.8,15.9,115
2016-02-28,0.00,37.8,16.2,101
2016-02-29,0.70,34.6,13.4,131
2016-03-01,0.70,36.0,17.1,61
2016-03-02,0.00,39.6,18.8,38
2016-03-03,0.00,43.2,20.3,52
2016-03-04,0.00,41.8,18.5,53
2016-03-05,0.00,37.8,17.4,50
2016-03-06,0.00,45.7,20.9,52
2016-03-07,0.00,39.6,18.4,66
2016-03-08,0.00,41.0,18.4,66
2016-03-09,0.00,35.3,15.9,40
2016-03-10,0.00,34.2,16.5,126
2016-03-11,0.40,40.3,10.7,61
2016-03-12,0.00,36.7,17.4,67
2016-03-13,0.00,36.0,16.5,60
2016-03-14,4.20,37.4,16.1,168
2016-03-15,2.70,45.0,19.9,173
2016-03-16,3.80,41.0,17.2,162
2016-03-17,1.10,31.3,12.8,77
2016-03-18,3.90,64.8,24.1,320
2016-03-19,0.00,40.0,19.4,201
2016-03-20,3.50,42.5,18.8,183
2016-03-21,4.80,42.8,17.2,188
2016-03-22,0.30,44.3,20.7,200
2016-03-23,0.00,29.5,13.2,215
2016-03-24,0.00,36.4,17.0,42
2016-03-25,0.00,23.4,13.2,302
2016-03-26,0.00,35.3,17.0,112
2016-03-27,2.20,32.4,15.5,121
2016-03-28,1.50,27.4,11.9,156
2016-03-29,2.50,32.4,14.5,196
2016-03-30,2.60,36.0,15.5,273
2016-03-31,0.00,32.8,14.0,207
2016-04-01,0.00,31.3,15.9,17
2016-04-02,0.00,23.0,10.1,251
2016-04-03,3.20,34.9,15.3,150
2016-04-04,4.50,32.0,11.2,127
2016-04-05,0.00,40.7,20.2,31
2016-04-06,0.00,37.1,15.7,348
2016-04-07,0.00,42.5,20.1,160
2016-04-08,0.60,23.8,12.8,19
2016-04-09,0.00,28.8,13.1,184
2016-04-10,0.00,18.4,7.6,297
2016-04-11,0.00,34.9,16.3,179
2016-04-12,1.50,32.8,13.4,164
2016-04-13,0.50,27.4,11.0,150
2016-04-14,0.80,29.9,13.4,49
2016-04-15,0.00,34.9,14.8,17
2016-04-16,0.00,18.4,11.2,60
2016-04-17,11.30,37.8,17.0,179
2016-04-18,0.90,28.4,13.9,188
2016-04-19,1.10,22.0,10.2,188
2016-04-20,0.00,22.3,10.9,63
2016-04-21,0.00,24.8,12.2,14
2016-04-22,2.90,38.2,15.9,206
2016-04-23,3.40,58.3,25.5,199
2016-04-24,1.50,41.8,16.3,165
2016-04-25,0.00,19.8,9.1,139
2016-04-26,0.00,26.6,11.4,95
2016-04-27,0.00,32.0,15.4,17
2016-04-28,0.00,23.8,11.9,12
2016-04-29,0.00,27.7,12.7,17
2016-04-30,0.90,29.9,11.3,350
2016-05-01,0.90,51.5,21.5,323
2016-05-02,0.00,32.8,10.4,298
2016-05-03,0.00,37.8,17.8,318
2016-05-04,0.00,25.9,14.2,304
2016-05-05,0.00,23.8,10.8,351
2016-05-06,0.00,18.4,7.9,333
2016-05-07,0.00,24.8,11.3,36
2016-05-08,1.20,18.0,6.4,4
2016-05-09,5.40,52.9,21.6,0
2016-05-10,0.00,60.8,29.1,307
2016-05-11,0.00,33.5,16.6,293
2016-05-12,0.00,43.6,19.1,312
2016-05-13,0.00,19.1,9.6,309
2016-05-14,0.00,19.4,10.8,322
2016-05-15,0.00,29.2,13.5,315
2016-05-16,0.00,25.2,13.4,354
2016-05-17,0.00,30.2,13.4,302
2016-05-18,0.00,25.9,13.4,277
2016-05-19,0.00,32.8,16.3,296
2016-05-20,0.00,25.2,10.4,209
2016-05-21,0.00,18.0,8.5,41
2016-05-22,0.00,21.2,10.2,357
2016-05-23,0.00,47.2,21.6,285
2016-05-24,0.00,35.6,15.1,265
2016-05-25,0.00,28.1,13.1,290
2016-05-26,3.90,45.4,19.8,327
2016-05-27,0.00,51.8,26.1,268
2016-05-28,0.20,46.8,15.0,279
2016-05-29,0.00,30.2,14.2,255
2016-05-30,0.00,22.7,8.9,239
2016-05-31,5.30,24.1,10.2,205
2016-06-01,3.90,23.4,7.4,210
2016-06-02,2.00,23.8,10.6,191
2016-06-03,0.50,19.1,9.3,180
2016-06-04,38.80,70.6,32.6,52
2016-06-05,85.60,92.5,29.9,87
2016-06-06,6.90,46.8,23.5,278
2016-06-07,0.10,38.2,16.1,301
2016-06-08,0.00,31.3,14.2,309
2016-06-09,4.30,46.8,22.6,325
2016-06-10,0.00,34.6,12.2,295
2016-06-11,0.00,37.1,14.8,274
2016-06-12,0.00,27.0,12.9,234
2016-06-13,0.00,16.2,8.1,310
2016-06-14,0.00,17.6,8.7,277
2016-06-15,0.00,18.4,9.4,260
2016-06-16,0.00,24.5,11.5,329
2016-06-17,0.20,33.1,16.3,350
2016-06-18,8.90,19.4,8.4,291
2016-06-19,28.00,41.0,20.5,125
2016-06-20,1.10,49.0,24.6,314
2016-06-21,0.00,45.4,25.4,311
2016-06-22,0.10,49.0,22.4,298
2016-06-23,0.00,41.4,15.6,338
2016-06-24,0.00,58.7,27.0,289
2016-06-25,0.00,48.6,22.5,248
2016-06-26,0.00,19.1,10.8,289
2016-06-27,5.10,34.9,17.9,263
2016-06-28,0.00,37.4,17.6,240
2016-06-29,0.00,18.4,9.2,282
2016-06-30,0.00,36.0,14.7,330
2016-07-01,0.30,54.0,21.3,276
2016-07-02,0.00,29.5,13.9,254
2016-07-03,0.00,16.2,8.7,310
2016-07-04,0.00,20.9,8.7,331
2016-07-05,8.10,35.6,18.2,305
2016-07-06,0.90,64.4,27.0,274
2016-07-07,2.10,54.0,26.0,211
2016-07-08,19.60,27.0,12.2,220
2016-07-09,0.00,28.1,11.2,216
2016-07-10,0.10,21.6,10.0,1
2016-07-11,0.10,51.8,21.3,342
2016-07-12,0.00,52.6,23.3,316
2016-07-13,0.00,66.6,32.2,280
2016-07-14,0.00,22.3,11.9,279
2016-07-15,0.00,19.1,8.2,282
2016-07-16,0.00,17.3,8.4,225
2016-07-17,0.00,16.9,7.2,304
2016-07-18,0.00,22.7,12.0,317
2016-07-19,0.00,18.4,8.6,327
2016-07-20,31.10,24.1,14.8,219
2016-07-21,0.00,25.9,14.1,248
2016-07-22,0.00,52.9,25.0,332
2016-07-23,0.00,65.9,27.9,280
2016-07-24,0.00,25.9,13.7,297
2016-07-25,0.00,51.1,21.6,309
2016-07-26,0.00,26.6,14.1,332
2016-07-27,0.00,53.6,24.7,296
2016-07-28,0.00,22.3,9.8,279
2016-07-29,0.00,18.0,10.7,266
2016-07-30,0.00,17.3,9.6,289
2016-07-31,0.00,19.8,9.7,291
2016-08-01,0.30,25.9,7.5,320
2016-08-02,11.70,43.6,22.4,205
2016-08-03,6.70,58.0,25.6,187
2016-08-04,3.10,49.0,23.1,190
2016-08-05,0.80,39.6,16.2,211
2016-08-06,0.10,24.8,8.0,206
2016-08-07,0.20,18.7,5.8,228
2016-08-08,0.00,18.7,8.1,279
2016-08-09,0.00,24.8,11.9,347
2016-08-10,0.10,45.0,16.9,340
2016-08-11,0.00,41.0,19.8,270
2016-08-12,0.00,25.2,12.3,314
2016-08-13,0.00,28.8,12.1,275
2016-08-14,0.00,25.9,8.5,242
2016-08-15,0.00,23.4,12.8,6
2016-08-16,0.00,21.2,11.5,1
2016-08-17,0.00,25.9,9.4,309
2016-08-18,0.00,24.5,12.3,360
2016-08-19,0.00,53.3,20.9,347
2016-08-20,0.40,49.7,22.2,283
2016-08-21,0.00,20.5,11.0,305
2016-08-22,3.00,12.6,8.9,279
2016-08-23,0.00,40.3,15.5,210
2016-08-24,31.40,48.6,22.4,185
2016-08-25,6.80,45.4,21.1,239
2016-08-26,0.00,34.9,13.4,216
2016-08-27,0.00,21.2,9.7,289
2016-08-28,0.00,23.0,7.9,277
2016-08-29,0.00,18.0,8.0,331
2016-08-30,0.00,28.4,14.0,25
2016-08-31,5.50,44.6,18.3,345
2016-09-01,1.50,29.5,12.8,3
2016-09-02,22.00,17.3,17.2,351
2016-09-03,1.80,76.3,33.9,302
2016-09-04,0.00,32.8,11.2,268
2016-09-05,0.00,21.6,10.2,346
2016-09-06,0.00,24.8,11.5,27
2016-09-07,0.00,27.7,12.4,125
2016-09-08,0.00,34.6,16.9,33
2016-09-09,0.00,42.5,17.7,28
2016-09-10,4.10,61.9,21.0,315
2016-09-11,0.00,27.0,13.0,228
2016-09-12,0.00,33.1,15.8,148
2016-09-13,1.20,23.4,13.6,179
2016-09-14,6.10,40.3,17.8,344
2016-09-15,0.00,59.0,28.6,305
2016-09-16,0.20,38.9,17.4,273
2016-09-17,0.00,34.6,14.1,19
2016-09-18,11.10,35.3,7.9,323
2016-09-19,0.00,46.1,20.7,255
2016-09-20,0.00,29.2,12.4,27
2016-09-21,7.20,34.2,12.3,350
2016-09-22,0.10,47.9,23.8,261
2016-09-23,0.00,55.8,25.6,213
2016-09-24,0.00,28.4,13.1,87
2016-09-25,3.90,40.3,14.2,240
2016-09-26,0.00,23.8,10.9,239
2016-09-27,0.50,54.4,27.1,275
2016-09-28,0.00,32.0,16.0,72
2016-09-29,4.90,46.1,24.7,347
2016-09-30,1.00,60.5,28.8,322
2016-10-01,0.00,60.8,30.0,296
2016-10-02,0.00,31.3,15.5,359
2016-10-03,1.20,56.2,27.7,315
2016-10-04,0.00,60.5,27.9,297
2016-10-05,0.00,52.2,24.6,269
2016-10-06,0.00,37.1,14.7,286
2016-10-07,0.00,45.4,15.8,301
2016-10-08,0.20,50.4,24.6,177
2016-10-09,0.00,40.3,20.7,42
2016-10-10,0.00,54.7,24.5,303
2016-10-11,0.50,52.2,20.5,250
2016-10-12,0.00,25.2,12.3,253
2016-10-13,0.00,54.4,22.7,184
2016-10-14,0.00,35.6,16.4,152
2016-10-15,0.00,33.1,15.5,356
2016-10-16,0.00,48.6,20.3,352
2016-10-17,2.80,54.0,20.5,302
2016-10-18,0.00,55.4,25.1,310
2016-10-19,0.00,41.4,19.1,219
2016-10-20,0.50,46.8,22.6,50
2016-10-21,2.80,38.5,18.1,0
2016-10-22,7.20,40.3,17.2,231
2016-10-23,0.00,51.5,21.5,207
2016-10-24,0.00,40.7,17.5,176
2016-10-25,0.00,23.8,8.7,333
2016-10-26,0.00,31.3,11.4,323
2016-10-27,1.00,48.6,21.6,154
2016-10-28,1.50,25.6,11.9,140
2016-10-29,1.90,45.0,19.5,57
2016-10-30,5.00,58.0,23.8,356
2016-10-31,0.00,33.5,15.4,230
2016-11-01,0.00,37.4,16.8,218
2016-11-02,0.00,34.2,15.1,52
2016-11-03,0.00,38.2,15.4,77
2016-11-04,0.00,29.5,13.0,293
2016-11-05,0.00,56.5,28.0,275
2016-11-06,0.00,39.6,16.8,290
2016-11-07,0.00,41.4,10.7,332
2016-11-08,0.00,38.9,19.7,143
2016-11-09,6.60,36.4,14.8,152
2016-11-10,0.60,33.8,14.9,104
2016-11-11,0.00,41.8,18.2,97
2016-11-12,11.50,49.3,19.2,331
2016-11-13,0.00,60.1,29.6,291
2016-11-14,2.20,48.2,21.7,226
2016-11-15,0.00,38.2,15.7,149
2016-11-16,0.00,38.5,17.9,141
2016-11-17,0.00,39.6,18.4,57
2016-11-18,0.00,33.5,16.1,20
2016-11-19,0.00,37.1,16.1,144
2016-11-20,0.00,38.9,15.0,73
2016-11-21,0.50,36.7,13.8,39
2016-11-22,0.00,39.6,18.3,39
2016-11-23,0.90,54.0,21.4,163
2016-11-24,0.00,43.2,18.3,184
2016-11-25,0.00,49.3,18.6,114
2016-11-26,0.00,43.9,19.9,79
2016-11-27,2.50,43.2,18.0,108
2016-11-28,0.00,38.9,17.8,49
2016-11-29,0.20,46.8,18.7,154
2016-11-30,0.00,38.9,17.7,66
2016-12-01,0.00,38.5,17.3,33
2016-12-02,0.00,46.8,19.7,249
2016-12-03,0.00,40.3,18.7,130
2016-12-04,0.00,41.0,18.3,70
2016-12-05,0.80,33.8,19.2,172
2016-12-06,8.80,35.6,16.2,166
2016-12-07,3.00,41.0,17.9,92
2016-12-08,0.10,45.0,17.1,10
2016-12-09,0.00,56.2,24.2,237
2016-12-10,0.90,45.7,20.7,77
2016-12-11,0.10,41.0,18.7,79
2016-12-12,0.20,41.8,19.3,56
2016-12-13,0.00,47.9,17.1,318
2016-12-14,2.10,58.3,27.2,291
2016-12-15,7.70,36.0,19.2,144
2016-12-16,23.40,38.9,10.7,166
2016-12-17,0.00,57.2,28.6,277
2016-12-18,1.80,58.7,23.0,149
2016-12-19,0.70,42.8,21.2,56
2016-12-20,0.00,41.8,13.1,349
2016-12-21,0.10,53.6,21.9,137
2016-12-22,0.30,31.7,15.3,83
2016-12-23,0.00,43.9,20.9,49
2016-12-24,0.10,32.0,14.3,64
2016-12-25,0.60,45.7,20.9,53
2016-12-26,0.00,43.9,20.6,39
2016-12-27,0.00,33.5,15.1,97
2016-12-28,0.00,47.2,20.1,51
2016-12-29,0.00,33.8,15.5,355
2016-12-30,0.10,46.1,19.0,328
2016-12-31,0.10,47.2,19.9,136
2017-01-01,1.00,32.8,14.9,72
2017-01-02,2.20,59.0,28.8,171
2017-01-03,3.90,61.6,28.5,171
2017-01-04,2.20,39.6,17.3,118
2017-01-05,1.70,34.2,15.3,72
2017-01-06,0.40,41.4,18.9,73
2017-01-07,1.20,48.2,23.7,56
2017-01-08,0.00,55.4,27.5,33
2017-01-09,0.00,38.5,18.1,68
2017-01-10,0.10,33.5,16.3,42
2017-01-11,0.00,76.0,32.9,196
2017-01-12,0.80,42.1,19.5,116
2017-01-13,0.00,59.0,28.8,33
2017-01-14,0.40,46.4,21.0,146
2017-01-15,2.20,43.6,19.6,100
2017-01-16,0.00,56.9,28.0,37
2017-01-17,0.00,43.2,23.4,20
2017-01-18,0.00,68.8,32.8,181
2017-01-19,0.90,41.0,20.3,85
2017-01-20,19.30,62.6,32.5,353
2017-01-21,0.20,58.3,30.9,174
2017-01-22,0.00,50.4,25.3,67
2017-01-23,0.00,58.0,31.0,32
2017-01-24,1.40,69.1,26.8,253
2017-01-25,6.80,37.8,17.0,148
2017-01-26,0.00,37.8,16.9,170
2017-01-27,0.10,37.4,18.6,136
2017-01-28,0.00,45.0,21.9,29
2017-01-29,0.00,44.3,19.2,148
2017-01-30,0.00,45.0,22.8,25
2017-01-31,0.00,66.2,30.0,189
2017-02-01,1.30,37.1,18.4,154
2017-02-02,3.40,56.5,24.8,158
2017-02-03,0.50,36.0,16.8,61
2017-02-04,0.50,36.0,17.3,55
2017-02-05,0.10,41.4,20.9,5
2017-02-06,0.50,55.4,28.5,174
2017-02-07,14.30,64.1,27.8,180
2017-02-08,3.70,51.5,25.0,86
2017-02-09,0.00,52.9,26.6,30
2017-02-10,0.00,43.2,19.6,64
2017-02-11,0.00,60.5,28.8,128
2017-02-12,0.60,70.9,35.3,175
2017-02-13,0.30,42.8,19.5,159
2017-02-14,13.20,53.6,26.5,138
2017-02-15,1.00,43.9,21.6,56
2017-02-16,0.00,46.4,24.4,32
2017-02-17,4.90,56.9,26.3,14
2017-02-18,29.60,48.2,21.8,164
2017-02-19,6.70,43.2,22.0,196
2017-02-20,0.00,45.0,21.4,273
2017-02-21,0.20,45.0,22.3,64
2017-02-22,0.00,56.2,28.6,36
2017-02-23,0.00,47.5,24.2,30
2017-02-24,0.70,37.8,17.1,151
2017-02-25,9.70,55.4,28.9,167
2017-02-26,16.90,51.1,24.8,157
2017-02-27,4.60,47.9,22.2,140
2017-02-28,6.70,40.0,17.3,100
2017-03-01,10.60,33.8,15.0,132
2017-03-02,5.50,29.5,13.1,114
2017-03-03,15.10,44.6,21.8,151
2017-03-04,8.00,65.9,33.5,178
2017-03-05,6.80,54.7,26.5,226
2017-03-06,0.40,77.0,37.3,203
2017-03-07,4.10,64.1,30.7,188
2017-03-08,3.70,45.7,21.3,156
2017-03-09,1.10,45.7,20.8,168
2017-03-10,0.00,53.3,26.4,195
2017-03-11,0.00,34.9,15.0,193
2017-03-12,0.00,49.7,26.3,32
2017-03-13,20.40,45.0,22.0,76
2017-03-14,50.80,43.9,20.2,83
2017-03-15,10.40,55.1,26.3,65
2017-03-16,21.60,68.0,35.9,60
2017-03-17,9.70,87.1,43.3,192
2017-03-18,19.90,61.6,30.6,129
2017-03-19,9.30,54.7,27.4,67
2017-03-20,0.50,42.1,20.7,34
2017-03-21,2.00,36.7,15.9,27
2017-03-22,7.00,42.1,21.3,210
2017-03-23,6.10,48.2,25.2,188
2017-03-24,3.50,42.8,20.2,155
2017-03-25,0.00,36.4,17.6,32
2017-03-26,0.10,32.8,15.3,43
2017-03-27,0.00,45.0,22.8,24
2017-03-28,0.00,51.8,27.1,182
2017-03-29,0.00,38.5,20.1,11
2017-03-30,25.30,79.2,40.6,191
2017-03-31,0.50,63.0,31.5,193
2017-04-01,0.20,36.7,19.3,192
2017-04-02,3.10,54.4,28.1,179
2017-04-03,26.30,47.2,23.9,182
2017-04-04,21.30,43.9,20.9,160
2017-04-05,0.20,36.0,16.7,139
2017-04-06,0.50,22.3,10.0,84
2017-04-07,0.00,30.6,14.7,67
2017-04-08,0.10,37.1,17.7,11
2017-04-09,3.20,59.0,28.3,325
2017-04-10,1.10,60.8,30.3,284
2017-04-11,2.60,55.1,29.3,218
2017-04-12,5.00,49.3,24.5,195
2017-04-13,1.20,42.1,20.3,202
2017-04-14,0.00,30.2,14.0,243
2017-04-15,0.80,34.6,14.1,157
2017-04-16,0.00,29.9,16.0,248
2017-04-17,0.70,26.6,12.4,187
2017-04-18,0.40,28.8,13.1,131
2017-04-19,5.20,33.5,15.7,148
2017-04-20,1.10,34.2,16.6,28
2017-04-21,0.50,27.7,13.1,10
2017-04-22,0.00,29.5,14.3,11
2017-04-23,0.90,24.1,10.6,239
2017-04-24,0.70,28.1,13.1,350
2017-04-25,1.50,52.2,19.7,346
2017-04-26,0.10,55.8,24.1,281
2017-04-27,0.40,46.8,22.5,225
2017-04-28,0.00,44.3,22.4,225
2017-04-29,0.00,36.4,17.3,250
2017-04-30,0.00,31.0,13.5,215
2017-05-01,0.00,31.7,16.8,326
2017-05-02,0.00,40.3,22.4,246
2017-05-03,2.60,47.5,23.6,179
2017-05-04,0.10,24.8,11.7,120
2017-05-05,0.20,31.7,15.3,350
2017-05-06,0.00,29.9,14.5,334
2017-05-07,0.00,53.3,26.9,250
2017-05-08,0.20,38.5,17.7,221
2017-05-09,0.20,40.7,19.2,204
2017-05-10,0.00,28.1,13.7,242
2017-05-11,0.00,39.2,18.6,233
2017-05-12,0.70,27.4,11.9,214
2017-05-13,0.90,28.8,13.7,353
2017-05-14,4.40,29.9,14.1,193
2017-05-15,0.50,49.3,20.5,216
2017-05-16,0.00,37.4,17.9,245
2017-05-17,0.00,25.9,12.2,324
2017-05-18,1.40,29.2,13.4,38
2017-05-19,10.50,40.7,21.0,41
2017-05-20,7.20,39.2,20.5,348
2017-05-21,0.00,27.7,13.0,234
2017-05-22,0.60,20.5,9.8,311
2017-05-23,0.00,26.6,13.3,3
2017-05-24,1.10,38.5,19.6,268
2017-05-25,0.00,28.1,15.0,274
2017-05-26,0.00,30.6,13.4,230
2017-05-27,0.10,23.4,12.3,326
2017-05-28,0.00,39.2,19.3,320
2017-05-29,0.00,51.1,25.4,269
2017-05-30,0.00,37.8,19.9,275
2017-05-31,0.00,52.2,26.7,219
2017-06-01,0.00,43.9,21.6,233
2017-06-02,0.00,48.6,24.7,223
2017-06-03,1.00,47.5,22.9,210
2017-06-04,0.70,27.7,12.6,227
2017-06-05,0.00,27.0,11.9,284
2017-06-06,4.40,54.0,23.8,253
2017-06-07,23.90,68.0,35.5,201
2017-06-08,7.30,46.8,23.5,186
2017-06-09,7.20,43.9,22.0,183
2017-06-10,15.10,36.0,18.3,156
2017-06-11,1.90,26.6,9.1,264
2017-06-12,0.00,28.8,13.6,243
2017-06-13,0.10,46.1,23.1,193
2017-06-14,0.70,23.4,12.0,228
2017-06-15,0.40,23.8,11.0,310
2017-06-16,0.20,23.4,11.2,225
2017-06-17,3.20,28.4,14.3,204
2017-06-18,1.30,61.2,30.4,203
2017-06-19,0.60,42.8,21.3,194
2017-06-20,2.70,23.0,11.6,215
2017-06-21,0.60,44.6,21.7,230
2017-06-22,0.00,23.8,12.3,258
2017-06-23,0.00,24.8,13.2,292
2017-06-24,0.00,36.7,17.6,270
2017-06-25,0.00,31.0,16.1,271
2017-06-26,0.00,33.5,14.8,271
2017-06-27,0.00,27.7,12.1,281
2017-06-28,1.30,22.0,10.2,285
2017-06-29,0.00,36.4,19.2,272
2017-06-30,0.00,41.4,22.2,238
2017-07-01,0.00,37.4,18.1,245
2017-07-02,0.00,25.6,12.5,302
2017-07-03,0.70,40.7,22.0,332
2017-07-04,0.00,39.2,21.4,334
2017-07-05,0.00,40.3,20.8,308
2017-07-06,0.00,33.1,14.1,285
2017-07-07,0.00,27.7,13.5,293
2017-07-08,0.00,26.6,14.1,284
2017-07-09,0.00,30.2,14.2,293
2017-07-10,0.00,32.8,15.4,268
2017-07-11,0.30,41.0,20.9,220
2017-07-12,7.00,41.4,20.4,205
2017-07-13,0.90,32.8,17.9,335
2017-07-14,0.10,29.9,14.3,324
2017-07-15,1.80,24.8,11.2,283
2017-07-16,0.00,26.3,13.1,301
2017-07-17,0.00,24.8,12.6,313
2017-07-18,0.00,50.8,26.6,315
2017-07-19,0.10,58.7,28.8,267
2017-07-20,0.00,60.5,31.1,257
2017-07-21,0.00,43.6,21.6,239
2017-07-22,0.00,27.4,14.9,293
2017-07-23,0.00,40.0,21.2,308
2017-07-24,0.00,43.2,18.2,267
2017-07-25,0.00,33.8,18.3,302
2017-07-26,0.00,58.7,28.8,277
2017-07-27,0.00,37.1,18.7,309
2017-07-28,2.00,60.5,29.6,280
2017-07-29,0.00,27.7,14.8,305
2017-07-30,0.10,49.0,25.3,331
2017-07-31,14.20,42.8,22.7,247
2017-08-01,0.00,50.0,25.2,226
2017-08-02,0.00,43.6,21.7,221
2017-08-03,9.90,37.8,19.1,1
2017-08-04,0.00,55.1,26.5,307
2017-08-05,0.00,45.7,22.5,312
2017-08-06,0.00,52.2,26.8,341
2017-08-07,0.00,62.3,31.4,308
2017-08-08,0.00,50.0,24.9,263
2017-08-09,0.00,43.6,22.8,270
2017-08-10,0.00,35.3,18.3,317
2017-08-11,0.00,37.8,19.6,298
2017-08-12,0.00,41.4,16.3,282
2017-08-13,0.00,43.9,17.3,262
2017-08-14,0.00,27.0,12.9,296
2017-08-15,1.00,43.9,20.8,344
2017-08-16,0.00,63.0,31.6,303
2017-08-17,0.00,50.8,25.5,311
2017-08-18,0.00,94.0,47.5,270
2017-08-19,0.00,63.7,32.8,222
2017-08-20,0.20,48.2,22.5,211
2017-08-21,2.10,26.3,14.3,314
2017-08-22,0.00,32.8,14.3,275
2017-08-23,0.70,31.0,15.2,358
2017-08-24,0.50,64.8,32.4,202
2017-08-25,0.50,56.5,27.8,197
2017-08-26,0.00,33.1,14.9,304
2017-08-27,1.30,61.6,26.8,241
2017-08-28,0.00,64.4,31.7,209
2017-08-29,0.30,32.0,13.3,283
2017-08-30,0.00,46.4,24.3,211
2017-08-31,0.00,63.4,31.1,204
2017-09-01,0.00,40.3,18.3,216
2017-09-02,0.00,32.4,15.3,352
2017-09-03,0.00,47.2,22.7,332
2017-09-04,0.00,56.9,27.7,289
2017-09-05,0.00,56.2,27.0,302
2017-09-06,0.00,51.8,26.4,283
2017-09-07,0.00,59.4,29.3,271
2017-09-08,0.00,61.6,30.2,263
2017-09-09,0.00,48.6,24.8,222
2017-09-10,0.00,38.9,16.9,197
2017-09-11,0.00,32.8,16.8,336
2017-09-12,0.00,28.4,13.1,325
2017-09-13,0.00,56.2,28.4,310
2017-09-14,5.30,69.8,32.5,253
2017-09-15,0.00,59.4,29.6,271
2017-09-16,0.20,60.5,29.5,258
2017-09-17,0.00,37.1,15.6,230
2017-09-18,0.00,43.6,21.0,9
2017-09-19,0.00,60.8,27.1,265
2017-09-20,0.10,36.0,15.6,337
2017-09-21,0.00,41.0,22.0,20
2017-09-22,0.00,40.7,22.3,5
2017-09-23,0.00,49.0,25.6,355
2017-09-24,0.00,59.0,30.3,292
2017-09-25,0.00,60.1,30.0,283
2017-09-26,0.00,45.4,20.5,169
2017-09-27,0.00,57.2,29.1,37
2017-09-28,0.00,53.3,26.1,284
2017-09-29,0.00,41.0,20.3,276
2017-09-30,0.00,53.6,26.3,255
2017-10-01,0.00,43.2,20.1,32
2017-10-02,0.50,47.5,24.2,58
2017-10-03,0.70,47.5,22.8,26
2017-10-04,0.00,40.0,20.2,169
2017-10-05,0.00,43.2,21.2,35
2017-10-06,0.10,49.3,24.7,187
2017-10-07,0.00,46.1,23.3,178
2017-10-08,1.00,35.3,16.8,16
2017-10-09,0.20,61.9,30.4,238
2017-10-10,0.60,47.2,21.3,102
2017-10-11,1.50,47.2,23.7,39
2017-10-12,0.90,51.8,24.2,247
2017-10-13,0.20,47.9,23.4,52
2017-10-14,1.60,59.4,29.5,150
2017-10-15,0.10,37.1,16.4,101
2017-10-16,0.10,37.1,16.2,74
2017-10-17,0.00,49.7,24.1,43
2017-10-18,0.20,59.8,28.6,41
2017-10-19,0.00,55.8,27.3,28
2017-10-20,15.60,57.6,29.8,177
2017-10-21,0.50,51.8,26.3,177
2017-10-22,6.90,33.8,15.3,168
2017-10-23,0.80,37.8,16.3,160
2017-10-24,0.00,46.1,22.0,21
2017-10-25,1.00,41.8,22.8,272
2017-10-26,4.70,43.9,21.6,173
2017-10-27,1.90,56.9,28.2,200
2017-10-28,0.00,38.2,19.7,19
2017-10-29,0.10,44.6,23.2,8
2017-10-30,1.40,56.5,28.8,265
2017-10-31,2.30,60.1,30.3,200
2017-11-01,0.00,45.7,23.4,195
2017-11-02,0.40,41.8,18.4,124
2017-11-03,0.10,57.2,28.4,243
2017-11-04,12.20,50.4,25.3,150
2017-11-05,10.30,36.0,19.2,102
2017-11-06,33.70,64.4,29.1,11
2017-11-07,0.20,62.3,29.7,180
2017-11-08,1.60,45.7,21.0,164
2017-11-09,0.00,41.4,18.3,59
2017-11-10,0.00,39.6,16.9,63
2017-11-11,0.00,41.4,19.8,71
2017-11-12,0.00,40.3,18.0,81
2017-11-13,0.10,40.3,18.9,79
2017-11-14,0.00,45.4,20.3,69
2017-11-15,0.20,56.2,27.3,43
2017-11-16,1.10,55.8,26.7,34
2017-11-17,2.20,67.3,32.1,46
2017-11-18,3.10,55.4,25.8,59
2017-11-19,1.20,43.9,19.4,99
2017-11-20,1.10,39.6,18.6,109
2017-11-21,0.20,35.6,16.6,103
2017-11-22,2.30,37.1,17.3,72
2017-11-23,0.20,46.1,21.8,42
2017-11-24,0.00,45.4,19.4,41
2017-11-25,0.00,45.7,21.3,54
2017-11-26,0.00,55.8,26.6,48
2017-11-27,3.80,34.2,15.5,36
2017-11-28,7.10,43.2,19.1,113
2017-11-29,1.90,36.0,15.8,99
2017-11-30,1.50,48.2,22.7,44
2017-12-01,0.00,61.6,30.9,36
2017-12-02,14.70,47.5,20.8,13
2017-12-03,0.20,39.2,18.0,296
2017-12-04,19.70,58.3,28.1,194
2017-12-05,1.00,69.1,35.2,205
2017-12-06,1.70,42.5,19.2,274
2017-12-07,0.00,43.2,21.7,7
2017-12-08,2.60,57.2,27.6,164
2017-12-09,0.80,45.0,21.3,105
2017-12-10,0.00,47.5,22.4,50
2017-12-11,0.00,47.2,21.9,48
2017-12-12,0.00,52.6,25.1,47
2017-12-13,0.00,58.7,29.7,39
2017-12-14,0.00,39.2,20.6,39
2017-12-15,1.80,56.9,27.8,173
2017-12-16,0.00,45.7,21.6,54
2017-12-17,0.20,45.0,19.9,145
2017-12-18,0.00,41.8,18.7,50
2017-12-19,0.00,60.5,30.7,38
2017-12-20,1.00,63.7,29.5,185
2017-12-21,6.40,42.5,20.1,115
2017-12-22,2.20,40.3,18.8,80
2017-12-23,0.00,48.6,23.7,36
2017-12-24,3.70,63.0,32.8,164
2017-12-25,1.90,52.6,25.5,157
2017-12-26,0.20,40.0,19.4,98
2017-12-27,0.70,44.3,20.5,55
2017-12-28,0.00,46.1,22.7,37
2017-12-29,0.00,47.9,25.4,45
2017-12-30,2.90,47.9,23.8,225
2017-12-31,1.00,60.8,29.5,69
2018-01-01,0.00,54.4,24.8,145
2018-01-02,0.80,47.2,20.9,86
2018-01-03,1.60,64.1,32.1,173
2018-01-04,1.20,40.7,17.7,150
2018-01-05,0.00,47.2,22.5,41
2018-01-06,0.00,57.6,28.6,42
2018-01-07,0.00,61.9,28.2,137
2018-01-08,0.10,44.6,19.5,90
2018-01-09,8.10,51.8,25.2,336
2018-01-10,0.90,50.0,25.4,159
2018-01-11,2.50,40.7,19.2,52
2018-01-12,0.00,51.5,25.0,37
2018-01-13,0.20,68.8,32.1,235
2018-01-14,7.90,89.3,43.5,200
2018-01-15,0.60,70.6,34.7,191
2018-01-16,0.70,74.5,37.0,190
2018-01-17,0.00,55.8,25.9,188
2018-01-18,0.00,40.7,18.8,44
2018-01-19,0.00,41.0,18.7,42
2018-01-20,0.00,47.5,22.3,41
2018-01-21,0.00,56.9,29.4,32
2018-01-22,0.00,46.8,25.3,36
2018-01-23,0.00,41.4,20.5,52
2018-01-24,0.00,47.5,25.2,50
2018-01-25,0.10,47.2,23.0,47
2018-01-26,0.10,47.5,22.9,58
2018-01-27,0.30,47.5,22.9,59
2018-01-28,3.70,54.7,26.5,53
2018-01-29,0.10,46.8,21.4,53
2018-01-30,0.70,53.6,26.8,52
2018-01-31,1.40,64.8,30.5,184
2018-02-01,0.10,62.3,29.9,183
2018-02-02,1.90,40.3,19.4,180
2018-02-03,13.60,53.3,25.3,170
2018-02-04,0.50,42.8,19.5,167
2018-02-05,0.00,43.6,20.2,62
2018-02-06,0.00,41.0,18.8,65
2018-02-07,0.00,50.8,23.5,56
2018-02-08,0.00,55.8,27.5,29
2018-02-09,0.00,56.9,26.9,144
2018-02-10,0.40,39.2,18.3,110
2018-02-11,0.00,66.6,31.3,169
2018-02-12,0.40,51.8,22.3,79
2018-02-13,2.50,42.8,19.4,94
2018-02-14,0.50,74.5,39.3,248
2018-02-15,0.10,63.4,25.7,87
2018-02-16,0.00,51.5,23.7,168
2018-02-17,0.60,62.3,30.2,61
2018-02-18,0.00,53.6,26.3,43
2018-02-19,2.40,62.3,30.2,133
2018-02-20,7.20,68.0,33.6,157
2018-02-21,0.40,38.2,17.3,102
2018-02-22,0.00,38.5,17.7,37
2018-02-23,0.10,54.0,27.1,36
2018-02-24,0.70,43.9,21.6,23
2018-02-25,21.90,57.6,29.0,169
2018-02-26,15.80,56.5,30.0,163
2018-02-27,0.20,38.5,16.2,161
2018-02-28,0.00,42.5,22.1,16
2018-03-01,0.10,55.1,26.4,176
2018-03-02,0.30,38.9,16.4,176
2018-03-03,0.00,43.2,21.1,34
2018-03-04,0.00,68.8,34.3,187
2018-03-05,8.40,44.3,22.8,167
2018-03-06,3.00,63.0,30.0,162
2018-03-07,0.00,44.6,21.8,121
2018-03-08,0.10,36.7,16.8,135
2018-03-09,2.10,41.4,19.4,140
2018-03-10,0.10,36.4,16.0,99
2018-03-11,0.00,38.2,17.6,14
2018-03-12,5.10,33.1,15.0,137
2018-03-13,14.10,41.0,21.7,132
2018-03-14,1.10,37.1,18.4,42
2018-03-15,0.10,57.6,27.8,116
2018-03-16,0.70,39.2,19.6,146
2018-03-17,0.00,37.1,17.3,28
2018-03-18,0.00,53.3,26.6,315
2018-03-19,0.00,54.0,25.4,170
2018-03-20,6.70,62.3,32.8,175
2018-03-21,22.80,65.2,31.1,147
2018-03-22,1.30,50.8,24.0,123
2018-03-23,0.80,40.3,19.1,79
2018-03-24,0.00,44.3,20.2,24
2018-03-25,0.60,54.4,24.1,330
2018-03-26,0.00,55.1,26.7,278
2018-03-27,0.00,35.3,16.5,214
2018-03-28,0.00,37.1,17.6,29
2018-03-29,0.00,40.3,19.5,29
2018-03-30,0.00,43.6,22.5,101
2018-03-31,0.30,37.4,18.7,145
2018-04-01,0.00,42.5,22.1,24
2018-04-02,0.20,55.4,28.7,169
2018-04-03,0.00,48.2,24.4,147
2018-04-04,0.40,32.4,13.9,123
2018-04-05,0.20,38.9,20.5,23
2018-04-06,0.00,31.7,14.2,145
2018-04-07,0.00,37.4,20.0,45
2018-04-08,0.00,35.3,16.7,76
2018-04-09,0.00,62.3,31.8,224
2018-04-10,0.10,37.1,17.9,75
2018-04-11,0.00,44.3,21.4,20
2018-04-12,0.00,33.8,16.8,332
2018-04-13,0.00,35.3,18.3,324
2018-04-14,0.00,69.8,33.2,319
2018-04-15,0.00,82.8,41.1,291
2018-04-16,0.00,44.6,23.1,282
2018-04-17,0.70,47.9,23.0,168
2018-04-18,0.00,37.4,17.2,79
2018-04-19,0.20,33.1,13.7,360
2018-04-20,0.00,36.0,15.9,190
2018-04-21,0.40,35.6,16.6,170
2018-04-22,0.40,30.2,13.4,163
2018-04-23,0.30,32.0,12.7,156
2018-04-24,0.00,32.8,14.2,192
2018-04-25,1.90,41.8,20.2,210
2018-04-26,0.00,59.4,29.8,191
2018-04-27,3.70,57.6,28.5,183
2018-04-28,5.90,42.8,20.3,191
2018-04-29,2.80,36.4,18.8,190
2018-04-30,3.70,45.0,21.7,201
2018-05-01,0.00,23.8,11.7,311
2018-05-02,0.00,28.1,14.9,3
2018-05-03,0.00,33.8,18.1,11
2018-05-04,0.10,63.7,32.6,302
2018-05-05,0.00,32.8,15.5,284
2018-05-06,0.00,25.2,11.9,299
2018-05-07,0.00,37.4,19.5,1
2018-05-08,0.00,21.2,9.8,323
2018-05-09,0.20,31.3,15.6,346
2018-05-10,0.00,62.3,27.2,297
2018-05-11,0.20,61.6,28.3,298
2018-05-12,4.10,74.9,32.3,251
2018-05-13,3.60,75.6,36.4,207
2018-05-14,0.60,62.3,30.1,208
2018-05-15,0.00,34.9,16.1,216
2018-05-16,0.10,47.9,21.1,201
2018-05-17,0.00,28.8,13.0,320
2018-05-18,0.00,36.7,16.8,257
2018-05-19,0.10,30.6,13.3,246
2018-05-20,0.00,41.8,20.2,262
2018-05-21,0.00,51.1,24.7,270
2018-05-22,0.00,43.6,22.5,265
2018-05-23,0.00,27.4,12.3,298
2018-05-24,0.20,36.0,17.9,196
2018-05-25,0.00,35.3,16.9,183
2018-05-26,0.00,31.3,14.9,343
2018-05-27,0.00,29.9,13.2,353
2018-05-28,0.00,23.4,10.4,351
2018-05-29,0.70,30.2,16.7,331
2018-05-30,3.10,49.0,22.4,240
2018-05-31,0.00,63.0,31.7,226
2018-06-01,0.50,64.1,31.4,211
2018-06-02,2.60,71.6,36.8,212
2018-06-03,0.30,49.3,25.1,203
2018-06-04,5.40,45.4,22.1,200
2018-06-05,16.70,43.6,19.8,192
2018-06-06,11.30,31.3,13.7,132
2018-06-07,0.20,31.0,15.5,12
2018-06-08,3.00,24.1,13.2,336
2018-06-09,3.00,27.0,12.1,289
2018-06-10,5.10,53.6,27.4,200
2018-06-11,0.50,38.9,19.1,212
2018-06-12,0.60,32.0,15.6,337
2018-06-13,0.00,28.1,13.0,292
2018-06-14,0.00,35.6,17.8,309
2018-06-15,0.00,55.8,28.5,313
2018-06-16,0.00,42.5,21.1,320
2018-06-17,0.30,66.2,33.2,292
2018-06-18,0.50,58.0,29.7,226
2018-06-19,7.10,69.1,35.0,205
2018-06-20,2.00,45.4,22.0,201
2018-06-21,1.50,22.3,11.2,271
2018-06-22,0.00,25.9,11.6,317
2018-06-23,0.00,28.1,14.7,269
2018-06-24,0.00,38.5,18.4,234
2018-06-25,0.00,25.9,11.8,253
2018-06-26,0.40,27.4,12.5,260
2018-06-27,5.20,28.4,8.7,360
2018-06-28,16.30,27.0,13.6,8
2018-06-29,0.00,32.4,14.6,296
2018-06-30,0.00,33.8,15.4,299
2018-07-01,0.30,30.6,14.6,233
2018-07-02,2.20,26.6,13.3,132
2018-07-03,0.20,24.8,10.8,276
2018-07-04,0.00,25.6,13.6,333
2018-07-05,0.00,28.1,15.1,338
2018-07-06,0.00,55.8,28.9,318
2018-07-07,0.00,60.1,30.7,295
2018-07-08,0.00,60.1,29.5,270
2018-07-09,0.00,47.2,23.6,226
2018-07-10,0.00,28.1,13.6,272
2018-07-11,0.20,25.6,12.1,339
2018-07-12,0.00,27.4,12.9,285
2018-07-13,0.00,42.8,20.9,263
2018-07-14,0.00,37.1,19.7,252
2018-07-15,0.00,28.8,14.0,282
2018-07-16,0.00,36.0,16.2,290
2018-07-17,0.00,47.9,23.6,328
2018-07-18,0.00,42.1,19.5,287
2018-07-19,0.00,25.2,13.9,328
2018-07-20,0.00,77.4,37.8,297
2018-07-21,0.00,51.8,27.4,262
2018-07-22,0.00,33.8,16.1,337
2018-07-23,0.00,32.8,16.5,345
2018-07-24,0.00,40.0,21.2,325
2018-07-25,0.00,30.6,14.9,296
2018-07-26,0.00,31.0,14.3,281
2018-07-27,0.00,25.6,13.1,298
2018-07-28,0.50,29.9,15.5,338
2018-07-29,0.00,55.8,27.0,315
2018-07-30,0.00,40.3,18.9,275
2018-07-31,0.00,36.7,16.6,326
2018-08-01,0.00,43.6,21.3,279
2018-08-02,0.20,31.3,15.2,356
2018-08-03,0.30,47.2,22.4,8
2018-08-04,0.00,45.0,22.9,280
2018-08-05,0.00,37.4,20.1,5
2018-08-06,3.10,54.0,26.5,321
2018-08-07,0.00,70.6,34.7,288
2018-08-08,0.00,45.0,21.5,317
2018-08-09,0.00,30.6,12.9,325
2018-08-10,0.00,42.5,22.9,10
2018-08-11,0.00,56.5,27.7,339
2018-08-12,0.00,65.2,29.2,264
2018-08-13,0.00,49.3,25.5,264
2018-08-14,0.00,43.9,21.6,283
2018-08-15,0.00,62.6,31.4,306
2018-08-16,0.00,49.7,25.0,255
2018-08-17,0.00,35.6,14.8,275
2018-08-18,0.00,72.4,36.2,299
2018-08-19,0.00,72.0,34.0,260
2018-08-20,0.00,50.8,26.6,231
2018-08-21,0.00,63.0,31.0,271
2018-08-22,0.00,43.6,22.5,222
2018-08-23,0.50,29.9,12.3,139
2018-08-24,5.80,29.5,12.6,62
2018-08-25,1.00,42.5,17.9,29
2018-08-26,2.70,23.0,10.4,312
2018-08-27,1.90,66.6,33.2,186
2018-08-28,0.00,38.2,17.5,205
2018-08-29,0.00,44.3,21.1,233
2018-08-30,0.00,32.0,14.1,290
2018-08-31,3.30,57.2,29.9,335
2018-09-01,0.00,57.2,25.3,273
2018-09-02,1.80,51.1,24.5,191
2018-09-03,6.90,45.0,21.5,176
2018-09-04,0.40,39.2,18.9,114
2018-09-05,1.40,30.2,13.2,72
2018-09-06,0.50,49.0,23.5,26
2018-09-07,16.50,31.7,16.8,357
2018-09-08,1.60,46.4,22.8,181
2018-09-09,0.00,47.5,22.5,261
2018-09-10,0.00,34.9,18.8,211
2018-09-11,0.00,54.0,29.2,24
2018-09-12,0.00,45.7,26.5,5
2018-09-13,0.00,48.2,20.9,178
2018-09-14,0.00,46.4,22.3,19
2018-09-15,0.00,54.7,27.0,297
2018-09-16,0.00,52.9,26.8,206
2018-09-17,0.00,43.2,20.9,19
2018-09-18,0.00,44.3,21.7,18
2018-09-19,0.00,65.2,32.3,287
2018-09-20,1.60,39.2,17.7,196
2018-09-21,0.00,37.4,16.9,7
2018-09-22,0.00,39.6,18.9,20
2018-09-23,1.60,56.9,27.2,175
2018-09-24,4.40,52.2,27.4,175
2018-09-25,0.20,28.1,12.4,85
2018-09-26,7.60,27.7,11.3,94
2018-09-27,0.00,46.1,22.2,8
2018-09-28,0.10,47.5,22.3,7
2018-09-29,0.10,73.1,32.8,192
2018-09-30,0.20,42.1,18.8,158
2018-10-01,0.00,45.0,21.9,21
2018-10-02,0.00,50.0,24.2,33
2018-10-03,0.10,29.9,14.6,345
2018-10-04,20.40,43.6,22.0,185
2018-10-05,38.40,68.8,35.0,166
2018-10-06,3.90,60.1,29.2,180
2018-10-07,13.90,61.2,29.8,219
2018-10-08,4.00,53.6,26.3,210
2018-10-09,0.00,36.0,20.0,21
2018-10-10,8.80,61.2,32.0,163
2018-10-11,1.60,49.0,23.8,144
2018-10-12,2.50,41.4,20.6,125
2018-10-13,2.20,45.0,22.2,71
2018-10-14,5.40,45.0,21.7,65
2018-10-15,4.50,58.7,30.5,50
2018-10-16,1.10,53.3,26.3,39
2018-10-17,1.90,36.4,18.9,27
2018-10-18,8.90,51.5,24.4,29
2018-10-19,0.90,49.0,26.3,26
2018-10-20,4.60,37.1,17.8,23
2018-10-21,0.30,51.8,25.5,179
2018-10-22,0.60,48.2,23.1,51
2018-10-23,0.00,46.8,25.0,27
2018-10-24,0.40,72.0,35.0,179
2018-10-25,0.30,39.2,18.5,95
2018-10-26,0.60,55.8,26.3,173
2018-10-27,0.80,42.8,19.9,72
2018-10-28,5.50,60.8,30.5,161
2018-10-29,0.40,34.6,15.8,51
2018-10-30,0.00,52.6,28.2,20
2018-10-31,0.00,37.8,16.6,149
2018-11-01,0.10,42.5,22.8,47
2018-11-02,0.20,52.9,29.2,324
2018-11-03,0.10,53.6,26.9,334
2018-11-04,1.00,49.7,23.7,55
2018-11-05,0.20,34.9,16.5,27
2018-11-06,0.30,54.0,22.5,356
2018-11-07,17.90,54.4,24.5,239
2018-11-08,7.30,52.2,24.7,188
2018-11-09,0.10,52.2,25.6,27
2018-11-10,0.00,39.2,17.2,139
2018-11-11,0.00,44.6,20.9,69
2018-11-12,0.00,41.8,19.0,53
2018-11-13,0.00,58.7,29.9,34
2018-11-14,1.40,35.3,18.2,22
2018-11-15,3.10,56.9,28.0,176
2018-11-16,3.10,38.5,18.0,178
2018-11-17,2.00,50.4,24.5,167
2018-11-18,1.30,40.7,18.4,122
2018-11-19,0.70,38.9,18.4,63
2018-11-20,0.60,52.2,27.2,33
2018-11-21,2.70,49.7,20.7,332
2018-11-22,0.00,75.2,36.1,297
2018-11-23,0.00,83.5,40.6,283
2018-11-24,0.40,53.6,28.0,246
2018-11-25,0.00,44.3,20.3,191
2018-11-26,0.40,59.0,28.3,196
2018-11-27,1.90,44.6,20.6,60
2018-11-28,62.20,89.6,44.2,151
2018-11-29,3.40,74.5,38.3,202
2018-11-30,0.10,40.0,14.8,114
2018-12-01,0.00,46.8,22.2,52
2018-12-02,0.00,67.0,33.6,256
2018-12-03,0.00,29.5,12.8,288
2018-12-04,1.50,47.2,22.5,137
2018-12-05,0.30,36.0,15.9,104
2018-12-06,0.20,50.0,24.7,46
2018-12-07,0.00,55.1,28.4,35
2018-12-08,0.00,59.4,29.9,32
2018-12-09,0.00,46.1,22.5,50
2018-12-10,0.50,34.6,18.0,111
2018-12-11,0.20,37.8,18.4,159
2018-12-12,1.30,42.8,21.1,57
2018-12-13,8.40,51.8,25.7,37
2018-12-14,7.70,35.6,13.3,43
2018-12-15,2.70,67.7,32.8,37
2018-12-16,0.50,62.6,31.2,31
2018-12-17,0.00,39.6,18.1,63
2018-12-18,1.30,49.0,23.6,173
2018-12-19,4.30,34.9,16.8,113
2018-12-20,3.30,52.6,21.3,97
2018-12-21,3.50,51.1,24.8,172
2018-12-22,1.20,61.6,30.1,189
2018-12-23,2.90,42.8,19.2,171
2018-12-24,0.00,44.3,21.8,42
2018-12-25,0.00,42.1,20.9,36
2018-12-26,0.00,45.7,24.6,42
2018-12-27,0.00,46.4,24.5,36
2018-12-28,0.00,52.6,28.4,36
2018-12-29,0.00,46.4,22.2,42
2018-12-30,0.00,38.9,16.9,109
2018-12-31,0.10,34.9,17.0,50
2019-01-01,0.00,36.4,19.2,34
2019-01-02,0.00,46.8,24.7,86
2019-01-03,0.00,41.0,21.9,83
2019-01-04,0.00,44.6,21.8,41
2019-01-05,0.20,54.7,25.6,181
2019-01-06,8.00,46.1,23.8,162
2019-01-07,1.80,31.0,13.6,115
2019-01-08,1.60,42.5,19.6,40
2019-01-09,0.50,54.4,26.0,175
2019-01-10,1.40,48.6,23.0,168
2019-01-11,2.30,50.0,23.5,53
2019-01-12,0.00,44.3,18.0,46
2019-01-13,0.00,47.9,24.2,171
2019-01-14,0.00,51.8,25.5,51
2019-01-15,0.00,58.0,29.6,37
2019-01-16,0.00,33.5,17.1,61
2019-01-17,0.00,55.4,28.6,55
2019-01-18,0.00,47.5,24.8,67
2019-01-19,0.00,65.2,28.2,171
2019-01-20,0.10,33.1,15.0,124
2019-01-21,4.90,35.3,16.1,58
2019-01-22,0.00,42.8,20.4,41
2019-01-23,0.10,77.8,37.1,183
2019-01-24,0.60,41.0,20.9,183
2019-01-25,0.00,47.9,24.4,40
2019-01-26,0.00,40.0,17.7,145
2019-01-27,4.70,59.4,28.6,182
2019-01-28,4.30,38.2,19.3,143
2019-01-29,0.00,49.7,24.2,41
2019-01-30,0.00,45.0,23.4,37
2019-01-31,0.30,83.5,40.1,237
2019-02-01,6.40,53.3,25.9,158
2019-02-02,9.90,38.9,18.8,80
2019-02-03,0.00,52.6,25.7,39
2019-02-04,0.20,31.0,15.3,65
2019-02-05,0.90,49.0,22.5,150
2019-02-06,0.60,43.2,20.6,57
2019-02-07,0.00,53.6,26.2,42
2019-02-08,0.30,33.8,15.9,22
2019-02-09,2.60,52.6,24.7,292
2019-02-10,0.00,43.6,17.1,160
2019-02-11,0.00,46.8,22.7,33
2019-02-12,0.00,56.2,28.0,299
2019-02-13,0.30,68.8,28.3,172
2019-02-14,0.20,33.5,17.6,103
2019-02-15,0.00,42.5,18.3,56
2019-02-16,0.00,48.2,23.1,44
2019-02-17,0.00,51.5,25.7,36
2019-02-18,0.00,56.5,28.4,39
2019-02-19,1.00,67.7,32.8,164
2019-02-20,13.90,48.6,23.9,181
2019-02-21,14.20,45.0,21.7,147
2019-02-22,3.90,60.5,29.2,169
2019-02-23,4.00,67.7,34.2,181
2019-02-24,4.10,56.2,28.9,154
2019-02-25,0.40,34.2,14.6,93
2019-02-26,0.00,41.4,20.7,23
2019-02-27,1.00,49.3,23.2,174
2019-02-28,0.00,43.2,20.3,38
2019-03-01,0.40,40.7,20.1,56
2019-03-02,2.10,40.7,18.6,53
2019-03-03,0.50,44.6,22.7,41
2019-03-04,0.00,50.0,25.1,37
2019-03-05,0.00,45.7,22.8,33
2019-03-06,0.50,72.7,35.6,242
2019-03-07,0.80,51.8,25.9,157
2019-03-08,0.40,51.1,26.0,35
2019-03-09,5.40,37.4,17.2,173
2019-03-10,0.10,42.1,21.9,19
2019-03-11,0.30,42.8,19.9,163
2019-03-12,0.50,60.5,25.8,208
2019-03-13,5.40,42.1,20.9,117
2019-03-14,47.70,56.2,28.1,53
2019-03-15,5.20,68.8,33.9,190
2019-03-16,19.20,39.2,19.1,132
2019-03-17,48.30,42.5,20.0,235
2019-03-18,2.60,26.6,14.6,276
2019-03-19,1.10,38.2,17.4,198
2019-03-20,1.10,37.4,16.9,205
2019-03-21,0.80,39.2,18.1,189
2019-03-22,1.30,27.4,11.8,191
2019-03-23,1.70,32.4,16.9,21
2019-03-24,2.40,43.6,16.7,314
2019-03-25,0.70,45.0,22.1,316
2019-03-26,1.00,41.4,20.2,220
2019-03-27,0.60,33.8,15.4,134
2019-03-28,0.50,37.4,18.2,38
2019-03-29,0.00,40.0,21.3,25
2019-03-30,36.60,69.1,32.8,280
2019-03-31,0.00,47.5,24.6,267
2019-04-01,1.50,39.2,18.0,195
2019-04-02,0.80,29.5,11.1,123
2019-04-03,0.30,30.6,14.1,15
2019-04-04,4.30,46.4,22.4,179
2019-04-05,2.10,21.2,10.5,147
2019-04-06,0.00,28.8,15.7,359
2019-04-07,0.00,34.2,15.5,1
2019-04-08,0.00,38.9,18.4,307
2019-04-09,0.80,70.2,34.5,213
2019-04-10,0.00,44.6,21.0,184
2019-04-11,0.40,30.2,13.8,189
2019-04-12,0.30,32.8,14.0,133
2019-04-13,0.10,27.0,12.6,314
2019-04-14,4.90,40.3,18.3,187
2019-04-15,0.20,37.8,17.8,189
2019-04-16,0.40,29.9,12.9,170
2019-04-17,0.30,29.5,10.3,39
2019-04-18,0.00,33.1,17.8,188
2019-04-19,0.00,33.5,16.5,161
2019-04-20,0.70,27.0,11.9,34
2019-04-21,0.00,33.5,17.0,37
2019-04-22,0.00,42.5,20.9,32
2019-04-23,2.00,40.0,13.4,107
2019-04-24,0.20,31.3,16.2,26
2019-04-25,0.00,29.2,11.3,329
2019-04-26,0.10,50.8,26.7,267
2019-04-27,0.60,40.3,17.2,217
2019-04-28,0.00,34.2,14.1,242
2019-04-29,0.10,32.4,14.7,213
2019-04-30,0.00,42.5,22.4,17
2019-05-01,0.00,35.6,18.8,19
2019-05-02,0.90,36.7,19.1,27
2019-05-03,17.60,41.8,18.1,359
2019-05-04,4.20,45.4,21.3,211
2019-05-05,1.50,67.3,33.0,214
2019-05-06,0.30,40.7,19.0,230
2019-05-07,0.00,27.7,14.7,298
2019-05-08,0.00,48.6,23.1,287
2019-05-09,0.00,33.8,18.1,345
2019-05-10,2.00,37.8,20.2,314
2019-05-11,0.00,57.6,27.6,256
2019-05-12,0.00,40.0,20.0,249
2019-05-13,0.00,31.7,16.9,345
2019-05-14,0.00,42.8,20.8,236
2019-05-15,0.30,25.9,12.2,299
2019-05-16,0.00,28.8,13.3,337
2019-05-17,0.00,26.6,12.6,345
2019-05-18,0.50,28.8,13.0,208
2019-05-19,0.20,23.8,10.2,302
2019-05-20,0.00,21.2,11.6,336
2019-05-21,0.00,23.8,12.4,306
2019-05-22,0.00,28.8,13.1,239
2019-05-23,0.40,25.2,11.0,304
2019-05-24,0.00,24.5,10.8,303
2019-05-25,0.00,27.7,15.0,313
2019-05-26,0.10,44.3,19.6,302
2019-05-27,0.30,72.4,37.1,291
2019-05-28,0.00,52.2,27.4,291
2019-05-29,0.00,59.8,28.7,317
2019-05-30,0.00,52.9,26.6,262
2019-05-31,0.00,44.6,22.2,256
2019-06-01,4.00,52.2,25.1,216
2019-06-02,1.10,25.9,11.9,247
2019-06-03,0.80,37.4,18.8,261
2019-06-04,19.50,87.1,43.2,224
2019-06-05,3.30,55.1,29.5,216
2019-06-06,0.00,34.2,17.4,251
2019-06-07,7.10,23.4,11.7,255
2019-06-08,0.10,20.9,9.4,312
2019-06-09,0.00,22.0,12.3,306
2019-06-10,0.00,30.6,15.8,311
2019-06-11,0.00,22.7,11.4,296
2019-06-12,0.00,30.6,16.5,346
2019-06-13,1.50,41.0,19.2,297
2019-06-14,0.00,36.0,19.2,261
2019-06-15,0.30,30.2,14.5,246
2019-06-16,13.40,23.0,12.5,192
2019-06-17,5.00,50.0,24.9,208
2019-06-18,1.00,29.2,15.9,255
2019-06-19,0.00,34.6,17.5,236
2019-06-20,2.80,29.9,12.6,258
2019-06-21,0.20,41.0,21.7,232
2019-06-22,0.80,49.3,24.8,223
2019-06-23,7.20,50.4,23.5,207
2019-06-24,5.90,41.8,20.4,179
2019-06-25,3.10,32.8,15.8,155
2019-06-26,3.10,30.2,13.8,171
2019-06-27,1.00,21.2,10.0,283
2019-06-28,0.10,25.9,13.1,1
2019-06-29,0.00,47.5,25.2,8
2019-06-30,0.00,43.2,22.7,282
2019-07-01,0.00,29.2,14.6,301
2019-07-02,0.00,25.6,12.3,286
2019-07-03,0.30,42.1,21.1,194
2019-07-04,2.10,34.6,17.6,151
2019-07-05,3.10,33.1,15.3,102
2019-07-06,1.20,25.2,9.8,56
2019-07-07,1.60,22.0,9.2,323
2019-07-08,0.40,29.5,13.6,292
2019-07-09,0.00,35.6,15.7,263
2019-07-10,0.00,37.8,19.6,303
2019-07-11,0.00,52.6,28.1,320
2019-07-12,0.00,51.8,26.5,315
2019-07-13,0.00,68.8,33.8,283
2019-07-14,0.00,49.7,26.0,279
2019-07-15,0.00,68.4,33.2,266
2019-07-16,0.00,42.5,22.2,265
2019-07-17,0.00,37.4,19.4,273
2019-07-18,0.00,38.2,16.9,259
2019-07-19,0.00,36.7,17.7,282
2019-07-20,0.00,30.2,16.3,345
2019-07-21,0.00,25.9,14.0,319
2019-07-22,0.00,28.1,15.6,335
2019-07-23,0.00,36.4,18.7,316
2019-07-24,0.10,35.6,19.4,278
2019-07-25,0.00,27.7,14.8,303
2019-07-26,0.00,27.0,13.9,268
2019-07-27,0.10,34.6,15.6,230
2019-07-28,0.00,32.4,15.1,249
2019-07-29,2.40,25.6,12.4,267
2019-07-30,5.20,48.6,25.2,197
2019-07-31,2.10,43.9,21.6,197
2019-08-01,0.00,24.8,12.3,281
2019-08-02,4.30,27.4,12.1,254
2019-08-03,0.00,33.5,16.0,257
2019-08-04,0.20,30.6,13.6,233
2019-08-05,0.00,26.6,13.3,335
2019-08-06,0.00,25.2,13.7,301
2019-08-07,0.00,27.4,14.7,307
2019-08-08,0.00,63.4,29.3,303
2019-08-09,0.00,74.2,38.5,294
2019-08-10,0.00,69.5,34.3,278
2019-08-11,0.30,57.2,29.4,275
2019-08-12,0.30,49.0,25.1,242
2019-08-13,0.00,35.3,16.9,272
2019-08-14,0.00,29.2,13.4,315
2019-08-15,0.00,28.4,14.8,292
2019-08-16,0.00,26.3,14.6,309
2019-08-17,0.00,44.3,20.8,206
2019-08-18,0.00,55.4,29.5,14
2019-08-19,0.00,65.5,32.6,264
2019-08-20,0.00,50.8,24.6,264
2019-08-21,0.00,60.5,30.3,279
2019-08-22,0.50,68.8,34.5,210
2019-08-23,0.00,39.2,20.9,272
2019-08-24,0.00,33.5,15.0,306
2019-08-25,0.20,55.8,26.9,186
2019-08-26,9.80,37.8,17.8,162
2019-08-27,5.40,42.1,19.8,160
2019-08-28,0.10,26.3,14.1,263
2019-08-29,15.30,64.4,31.1,200
2019-08-30,20.80,55.4,26.9,164
2019-08-31,6.60,45.0,21.5,178
2019-09-01,0.00,31.7,15.8,316
2019-09-02,0.50,52.9,26.1,219
2019-09-03,0.00,28.1,12.3,313
2019-09-04,0.00,30.2,15.7,286
2019-09-05,0.00,35.6,17.0,144
2019-09-06,0.10,83.2,41.0,321
2019-09-07,0.00,64.8,32.2,281
2019-09-08,0.00,65.9,34.2,260
2019-09-09,1.00,62.6,31.3,230
2019-09-10,0.10,55.8,26.8,201
2019-09-11,0.00,35.6,15.9,358
2019-09-12,0.00,40.3,13.0,298
2019-09-13,1.00,40.7,20.1,132
2019-09-14,0.00,40.3,17.1,183
2019-09-15,0.00,32.8,17.8,339
2019-09-16,0.40,74.9,37.2,194
2019-09-17,45.20,66.6,34.0,165
2019-09-18,29.60,54.4,29.0,165
2019-09-19,5.20,38.9,19.1,57
2019-09-20,0.70,53.3,28.3,39
2019-09-21,0.00,44.3,21.0,29
2019-09-22,1.40,36.7,15.3,145
2019-09-23,1.40,41.0,21.7,249
2019-09-24,0.00,41.0,20.5,307
2019-09-25,0.00,47.9,22.7,171
2019-09-26,1.30,43.2,21.1,43
2019-09-27,0.60,26.3,14.5,311
2019-09-28,0.00,54.4,27.4,181
2019-09-29,0.00,41.8,19.3,22
2019-09-30,1.80,46.4,22.7,154
2019-10-01,0.90,42.5,20.2,59
2019-10-02,0.00,37.8,18.4,27
2019-10-03,0.00,35.3,19.4,356
2019-10-04,0.30,64.4,29.0,195
2019-10-05,10.40,39.2,17.8,146
2019-10-06,0.00,52.9,28.7,24
2019-10-07,0.00,40.7,19.6,153
2019-10-08,4.00,66.6,33.5,221
2019-10-09,0.80,62.6,31.3,195
2019-10-10,1.70,44.6,20.8,180
2019-10-11,7.40,34.6,14.9,151
2019-10-12,2.60,39.2,17.7,151
2019-10-13,1.20,32.0,15.5,158
2019-10-14,0.00,36.4,18.4,24
2019-10-15,0.00,48.6,24.4,42
2019-10-16,0.30,41.0,20.5,141
2019-10-17,1.70,65.5,33.0,268
2019-10-18,0.00,49.7,24.2,343
2019-10-19,0.00,57.2,28.4,264
2019-10-20,0.00,36.4,16.2,157
2019-10-21,0.00,41.0,19.2,53
2019-10-22,0.00,45.0,20.9,54
2019-10-23,0.00,45.7,22.4,32
2019-10-24,0.00,35.3,14.6,108
2019-10-25,0.00,45.4,21.0,341
2019-10-26,0.00,71.6,33.3,297
2019-10-27,0.00,42.5,19.3,65
2019-10-28,0.30,38.5,18.0,123
2019-10-29,0.00,48.6,24.0,34
2019-10-30,0.00,38.2,20.0,44
2019-10-31,0.00,46.4,22.7,53
2019-11-01,0.00,55.4,29.3,39
2019-11-02,0.00,57.6,30.5,35
2019-11-03,12.30,44.6,16.6,7
2019-11-04,7.20,47.5,14.7,94
2019-11-05,2.20,62.3,28.0,192
2019-11-06,0.00,45.7,22.1,345
2019-11-07,0.00,55.4,29.8,316
2019-11-08,0.00,68.0,33.4,281
2019-11-09,0.00,49.0,24.1,217
2019-11-10,0.00,53.6,26.9,227
2019-11-11,0.00,54.4,27.2,21
2019-11-12,0.00,68.4,34.9,275
2019-11-13,0.00,46.8,22.9,234
2019-11-14,0.00,55.1,27.0,6
2019-11-15,0.00,52.6,27.8,297
2019-11-16,0.80,52.6,23.5,127
2019-11-17,1.70,53.3,25.0,141
2019-11-18,0.00,54.7,26.4,28
2019-11-19,0.00,64.1,33.5,134
2019-11-20,0.00,40.7,19.5,135
2019-11-21,0.00,55.4,29.0,33
2019-11-22,0.00,62.6,30.6,157
2019-11-23,5.20,43.9,15.5,148
2019-11-24,0.90,40.0,20.4,160
2019-11-25,0.00,56.5,26.4,7
2019-11-26,0.20,85.0,35.9,307
2019-11-27,0.00,43.6,20.0,59
2019-11-28,0.00,57.6,28.8,49
2019-11-29,0.10,47.2,21.9,46
2019-11-30,5.20,81.7,31.8,170
2019-12-01,1.90,45.7,20.0,97
2019-12-02,0.60,80.3,37.3,274
2019-12-03,0.00,38.2,15.0,291
2019-12-04,0.00,39.6,16.0,356
2019-12-05,0.00,38.9,19.5,274
2019-12-06,0.00,49.7,21.8,186
2019-12-07,0.30,47.2,20.5,99
2019-12-08,0.00,55.8,25.8,74
2019-12-09,0.00,60.8,30.1,42
2019-12-10,0.00,69.5,32.8,167
2019-12-11,0.00,49.0,22.7,173
2019-12-12,0.50,46.1,20.5,155
2019-12-13,3.10,44.3,19.3,93
2019-12-14,0.50,47.2,21.6,86
2019-12-15,1.60,50.4,23.8,47
2019-12-16,0.00,59.8,31.3,170
2019-12-17,0.00,38.5,15.6,103
2019-12-18,0.00,54.4,26.6,32
2019-12-19,0.00,72.7,36.4,189
2019-12-20,0.00,46.1,21.2,102
2019-12-21,0.00,87.5,41.3,109
2019-12-22,0.10,53.6,26.1,172
2019-12-23,0.40,43.2,20.4,57
2019-12-24,4.30,43.2,19.5,74
2019-12-25,2.30,46.8,21.1,62
2019-12-26,0.00,60.1,29.5,43
2019-12-27,0.00,58.0,28.3,43
2019-12-28,0.00,58.0,30.1,35
2019-12-29,0.00,46.4,24.8,49
2019-12-30,0.00,53.3,27.4,41
2019-12-31,0.00,74.9,37.9,56
2020-01-01,0.00,47.9,19.6,168
2020-01-02,0.90,44.3,19.5,137
2020-01-03,1.70,54.4,26.3,67
2020-01-04,0.00,82.4,41.8,29
2020-01-05,0.20,79.6,34.6,169
2020-01-06,9.50,37.8,15.9,97
2020-01-07,0.70,43.6,20.3,37
2020-01-08,0.50,51.8,24.2,182
2020-01-09,1.00,45.4,21.6,176
2020-01-10,0.00,58.3,30.4,35
2020-01-11,2.10,85.3,39.6,170
2020-01-12,4.00,44.6,21.9,144
2020-01-13,0.20,40.7,20.1,80
2020-01-14,0.30,42.5,18.8,72
2020-01-15,0.00,44.6,21.7,49
2020-01-16,0.70,33.1,14.3,344
2020-01-17,34.10,60.1,31.3,187
2020-01-18,21.60,41.8,21.4,210
2020-01-19,4.20,33.1,15.9,196
2020-01-20,3.90,52.2,19.2,29
2020-01-21,0.00,44.6,17.7,263
2020-01-22,0.00,50.0,26.4,38
2020-01-23,0.00,51.5,26.4,342
2020-01-24,5.10,46.4,20.6,122
2020-01-25,3.50,37.8,17.8,65
2020-01-26,2.00,45.7,22.7,31
2020-01-27,1.50,42.8,22.4,152
2020-01-28,0.60,50.4,24.2,143
2020-01-29,1.90,41.4,19.6,159
2020-01-30,0.00,47.5,23.0,46
2020-01-31,0.00,56.9,30.2,38
2020-02-01,0.00,51.5,27.9,33
2020-02-02,6.00,51.5,25.5,151
2020-02-03,1.70,78.1,38.9,182
2020-02-04,0.50,59.8,30.0,154
2020-02-05,0.10,45.7,21.4,51
2020-02-06,10.70,43.2,20.9,72
2020-02-07,36.00,49.0,24.9,102
2020-02-08,29.30,60.5,30.4,108
2020-02-09,138.40,102.2,48.8,103
2020-02-10,21.10,66.6,28.1,51
2020-02-11,4.40,41.0,18.9,35
2020-02-12,4.40,37.1,18.1,91
2020-02-13,10.60,36.4,17.4,87
2020-02-14,0.90,42.1,19.7,159
2020-02-15,0.50,35.3,12.0,199
2020-02-16,2.10,44.3,20.3,180
2020-02-17,3.50,32.4,13.6,109
2020-02-18,0.00,45.4,24.0,26
2020-02-19,0.00,41.8,21.7,262
2020-02-20,0.20,42.1,19.3,171
2020-02-21,2.20,28.8,14.5,132
2020-02-22,4.10,31.7,14.9,102
2020-02-23,1.90,31.7,15.8,36
2020-02-24,0.40,36.4,18.1,29
2020-02-25,0.00,46.1,22.7,34
2020-02-26,1.50,76.3,40.6,257
2020-02-27,0.60,44.3,19.7,86
2020-02-28,0.30,46.4,21.7,179
2020-02-29,0.10,43.2,21.4,59
2020-03-01,0.00,43.9,23.4,30
2020-03-02,0.00,79.9,34.9,195
2020-03-03,3.90,38.2,18.8,165
2020-03-04,15.90,46.4,22.7,52
2020-03-05,42.80,46.8,23.7,33
2020-03-06,2.90,47.9,23.9,186
2020-03-07,4.30,46.8,22.8,178
2020-03-08,4.50,38.2,18.4,172
2020-03-09,4.70,42.8,20.2,167
2020-03-10,2.20,30.6,13.7,157
2020-03-11,0.30,34.2,16.1,94
2020-03-12,0.70,42.8,20.0,66
2020-03-13,0.00,38.2,18.6,21
2020-03-14,11.40,78.5,39.8,185
2020-03-15,4.00,50.4,24.3,185
2020-03-16,6.20,49.7,24.1,163
2020-03-17,1.70,31.3,13.6,190
2020-03-18,0.10,37.8,18.7,10
2020-03-19,0.00,28.1,15.3,341
2020-03-20,0.00,40.7,20.4,291
2020-03-21,1.30,45.0,20.7,166
2020-03-22,0.10,49.7,26.0,176
2020-03-23,3.20,50.8,26.0,166
2020-03-24,1.20,34.6,16.1,38
2020-03-25,9.40,46.8,21.7,170
2020-03-26,5.30,54.0,28.8,174
2020-03-27,1.10,34.2,15.6,118
2020-03-28,1.50,32.8,15.2,82
2020-03-29,1.40,40.7,19.9,33
2020-03-30,0.20,31.3,15.6,326
2020-03-31,1.50,33.1,14.8,180
2020-04-01,2.60,42.1,20.2,60
2020-04-02,10.80,37.1,16.2,14
2020-04-03,9.20,42.5,22.0,1
2020-04-04,2.70,72.0,30.9,322
2020-04-05,0.00,41.8,19.3,300
2020-04-06,0.20,38.2,18.4,209
2020-04-07,1.80,40.0,18.4,176
2020-04-08,35.30,36.7,17.7,180
2020-04-09,0.90,32.8,14.4,178
2020-04-10,6.10,45.0,17.1,352
2020-04-11,0.00,61.9,31.6,283
2020-04-12,0.00,41.8,21.7,246
2020-04-13,0.00,26.6,12.0,328
2020-04-14,0.00,25.2,11.2,351
2020-04-15,0.00,33.5,18.4,4
2020-04-16,0.00,40.0,20.5,324
2020-04-17,0.00,46.4,24.6,248
2020-04-18,0.00,47.2,25.1,239
2020-04-19,1.70,26.3,10.7,339
2020-04-20,0.00,29.2,13.9,299
2020-04-21,0.00,31.0,16.5,318
2020-04-22,0.00,40.7,17.6,260
2020-04-23,0.00,27.4,14.5,313
2020-04-24,0.00,31.0,13.9,279
2020-04-25,0.00,34.2,18.7,347
2020-04-26,0.00,45.7,23.4,291
2020-04-27,2.30,28.8,12.8,144
2020-04-28,0.10,41.8,19.6,38
2020-04-29,0.00,33.8,17.1,19
2020-04-30,16.00,57.6,21.8,329
2020-05-01,0.00,67.3,33.2,311
2020-05-02,0.00,60.1,30.2,288
2020-05-03,0.00,47.5,25.0,240
2020-05-04,0.00,46.4,22.7,233
2020-05-05,0.90,40.0,19.1,204
2020-05-06,0.00,25.6,13.9,330
2020-05-07,0.00,30.6,17.0,325
2020-05-08,0.00,32.4,17.1,332
2020-05-09,0.00,49.3,24.4,333
2020-05-10,0.00,63.4,32.0,251
2020-05-11,0.00,33.5,16.3,245
2020-05-12,0.00,27.7,15.0,333
2020-05-13,0.00,26.3,12.6,270
2020-05-14,2.70,49.3,24.5,186
2020-05-15,4.10,46.4,21.7,202
2020-05-16,0.40,26.3,11.2,169
2020-05-17,0.80,23.4,9.8,220
2020-05-18,0.30,19.8,8.9,297
2020-05-19,0.00,24.1,11.4,357
2020-05-20,0.00,47.9,20.1,341
2020-05-21,18.90,51.1,27.6,297
2020-05-22,34.40,71.6,35.8,250
2020-05-23,5.80,51.5,27.0,265
2020-05-24,2.10,60.1,30.8,228
2020-05-25,14.90,58.7,30.9,212
2020-05-26,10.10,55.8,29.4,187
2020-05-27,0.70,26.3,14.5,222
2020-05-28,0.10,27.7,12.6,266
2020-05-29,2.00,26.3,11.3,222
2020-05-30,0.00,26.3,13.8,344
2020-05-31,0.00,31.3,15.0,343
2020-06-01,0.00,49.7,25.3,323
2020-06-02,1.40,53.6,28.1,267
2020-06-03,0.00,53.3,28.5,230
2020-06-04,0.00,50.4,26.2,225
2020-06-05,0.00,24.8,12.0,293
2020-06-06,0.00,28.4,15.0,293
2020-06-07,3.90,31.0,15.1,224
2020-06-08,2.30,48.6,24.5,214
2020-06-09,1.60,32.8,13.6,203
2020-06-10,16.90,27.0,14.2,21
2020-06-11,0.60,39.2,19.8,216
2020-06-12,5.00,29.2,13.9,209
2020-06-13,0.00,26.6,14.6,348
2020-06-14,6.70,41.8,21.3,301
2020-06-15,0.00,26.3,11.9,296
2020-06-16,0.00,23.8,11.0,298
2020-06-17,2.30,42.1,21.1,184
2020-06-18,0.00,24.8,10.6,119
2020-06-19,0.00,23.4,12.5,342
2020-06-20,0.00,27.4,14.9,349
2020-06-21,5.60,37.4,16.6,342
2020-06-22,0.00,40.7,18.4,286
2020-06-23,0.00,42.5,20.9,276
2020-06-24,0.30,48.2,22.7,263
2020-06-25,0.00,37.1,17.9,262
2020-06-26,0.10,30.6,16.0,241
2020-06-27,1.80,36.4,17.7,204
2020-06-28,0.50,37.1,18.4,209
2020-06-29,1.30,26.6,12.9,202
2020-06-30,0.10,21.6,10.2,331
2020-07-01,0.00,32.8,17.1,331
2020-07-02,0.10,40.3,20.6,335
2020-07-03,0.40,34.6,18.4,264
2020-07-04,4.80,43.2,23.1,262
2020-07-05,0.00,50.4,26.6,252
2020-07-06,0.00,28.4,14.4,244
2020-07-07,1.40,35.3,17.0,228
2020-07-08,0.70,22.3,10.8,210
2020-07-09,0.10,27.4,8.9,336
2020-07-10,1.20,21.2,11.1,307
2020-07-11,6.40,19.1,7.7,280
2020-07-12,2.50,23.0,11.3,280
2020-07-13,3.60,29.2,15.5,256
2020-07-14,13.50,75.6,33.7,211
2020-07-15,2.00,63.0,29.1,223
2020-07-16,0.20,50.8,24.8,228
2020-07-17,0.70,47.9,23.2,215
2020-07-18,0.20,27.4,12.7,274
2020-07-19,0.00,32.4,18.2,312
2020-07-20,0.00,46.4,22.8,268
2020-07-21,0.00,37.1,19.8,233
2020-07-22,0.00,23.0,11.6,306
2020-07-23,0.00,24.8,11.2,284
2020-07-24,0.00,26.6,11.9,334
2020-07-25,3.00,30.6,10.9,347
2020-07-26,76.30,92.2,45.2,173
2020-07-27,23.30,57.6,28.3,245
2020-07-28,13.10,58.0,28.0,224
2020-07-29,0.00,31.0,14.3,229
2020-07-30,0.00,46.8,24.4,207
2020-07-31,0.00,33.5,17.8,204
2020-08-01,0.00,23.0,12.1,323
2020-08-02,0.00,25.9,12.6,303
2020-08-03,0.00,24.5,12.0,296
2020-08-04,0.00,43.9,24.3,291
2020-08-05,0.00,49.0,25.8,280
2020-08-06,0.00,37.4,19.9,245
2020-08-07,18.60,36.0,18.8,66
2020-08-08,4.00,33.8,16.2,274
2020-08-09,21.90,73.4,31.6,274
2020-08-10,12.90,90.0,45.3,174
2020-08-11,0.20,26.6,14.0,228
2020-08-12,0.60,23.8,12.8,352
2020-08-13,0.00,28.1,12.6,300
2020-08-14,5.80,25.6,9.9,328
2020-08-15,0.50,45.4,22.0,272
2020-08-16,0.00,42.8,21.7,281
2020-08-17,0.00,42.8,22.0,266
2020-08-18,1.40,38.2,17.1,325
2020-08-19,0.20,73.8,36.9,304
2020-08-20,0.00,56.2,27.8,282
2020-08-21,0.10,50.4,25.0,308
2020-08-22,0.20,64.1,27.8,289
2020-08-23,0.00,74.9,34.6,266
2020-08-24,0.00,49.0,23.7,259
2020-08-25,0.10,35.6,15.6,237
2020-08-26,0.00,29.9,14.7,301
2020-08-27,0.00,27.0,14.6,288
2020-08-28,0.00,41.8,20.8,250
2020-08-29,0.00,29.9,16.3,339
2020-08-30,0.00,25.9,13.6,339
2020-08-31,0.60,58.3,28.6,211
2020-09-01,0.10,34.9,16.3,76
2020-09-02,0.00,33.5,16.5,344
2020-09-03,0.00,58.3,26.6,333
2020-09-04,8.10,41.4,22.1,352
2020-09-05,0.60,43.2,18.4,237
2020-09-06,0.40,30.6,13.4,66
2020-09-07,0.00,43.6,20.9,26
2020-09-08,0.00,37.1,19.5,20
2020-09-09,16.10,55.4,28.6,182
2020-09-10,1.30,45.7,22.0,151
2020-09-11,0.00,35.3,16.6,58
2020-09-12,0.00,41.0,20.7,14
2020-09-13,0.00,31.0,16.8,297
2020-09-14,0.00,36.7,16.1,147
2020-09-15,0.80,43.9,22.1,33
2020-09-16,0.00,37.8,19.4,11
2020-09-17,0.60,70.6,36.0,228
2020-09-18,3.00,34.6,15.3,141
2020-09-19,2.40,52.2,27.3,44
2020-09-20,7.80,51.5,26.1,24
2020-09-21,2.30,40.3,21.6,358
2020-09-22,0.70,47.5,23.2,300
2020-09-23,0.50,38.9,19.5,292
2020-09-24,0.00,48.6,22.7,284
2020-09-25,0.90,67.3,30.9,322
2020-09-26,0.10,65.9,32.2,279
2020-09-27,0.20,44.6,21.4,224
2020-09-28,0.00,41.4,18.7,48
2020-09-29,0.30,37.1,18.7,69
2020-09-30,0.10,42.8,21.3,356
2020-10-01,0.70,45.7,19.3,305
2020-10-02,0.00,35.3,19.5,3
2020-10-03,0.00,51.1,27.6,29
2020-10-04,0.00,47.9,25.8,29
2020-10-05,0.00,73.4,33.1,2
2020-10-06,0.10,65.2,29.9,183
2020-10-07,5.50,25.9,13.3,151
2020-10-08,3.20,47.2,15.1,354
2020-10-09,0.00,56.9,26.2,272
2020-10-10,0.00,37.4,17.9,272
2020-10-11,0.00,45.4,22.9,356
2020-10-12,0.90,36.7,19.7,103
2020-10-13,0.00,49.3,25.2,127
2020-10-14,0.00,36.7,19.1,160
2020-10-15,0.00,47.5,21.9,24
2020-10-16,0.60,56.2,29.5,175
2020-10-17,0.60,59.8,24.0,29
2020-10-18,2.40,49.0,25.5,153
2020-10-19,1.40,40.0,18.7,155
2020-10-20,0.90,34.2,15.2,80
2020-10-21,0.00,45.4,22.7,32
2020-10-22,0.00,41.8,20.1,57
2020-10-23,0.00,52.2,27.4,39
2020-10-24,16.10,58.7,26.2,358
2020-10-25,29.10,63.4,33.5,181
2020-10-26,25.90,77.4,39.9,166
2020-10-27,5.40,48.6,23.8,186
2020-10-28,3.30,34.6,14.1,177
2020-10-29,9.50,35.3,17.4,179
2020-10-30,0.50,34.9,14.7,114
2020-10-31,28.90,65.9,29.8,92
2020-11-01,16.70,69.8,36.2,208
2020-11-02,0.00,47.2,22.5,179
2020-11-03,0.30,29.5,11.9,116
2020-11-04,0.00,40.7,20.2,16
2020-11-05,24.80,76.3,39.3,202
2020-11-06,3.70,63.0,31.4,189
2020-11-07,1.50,67.0,33.1,177
2020-11-08,0.00,44.3,20.4,143
2020-11-09,0.30,31.7,14.1,68
2020-11-10,0.00,41.0,19.3,41
2020-11-11,0.00,47.9,23.6,35
2020-11-12,0.80,41.0,19.3,16
2020-11-13,19.10,49.3,20.4,356
2020-11-14,0.00,42.5,18.4,102
2020-11-15,0.00,44.3,23.4,33
2020-11-16,0.00,59.4,29.9,37
2020-11-17,0.50,55.4,25.6,131
2020-11-18,0.40,46.1,22.0,60
2020-11-19,0.00,53.6,26.5,36
2020-11-20,0.00,62.6,32.1,54
2020-11-21,0.00,47.2,22.7,174
2020-11-22,0.00,36.7,17.8,1
2020-11-23,3.90,52.9,25.9,283
2020-11-24,0.00,52.2,25.2,171
2020-11-25,0.90,40.0,19.8,58
2020-11-26,0.00,62.3,30.9,119
2020-11-27,0.00,50.8,23.4,100
2020-11-28,0.00,45.4,21.9,328
2020-11-29,1.90,76.0,38.8,296
2020-11-30,0.20,44.6,21.4,115
2020-12-01,0.00,61.9,31.7,30
2020-12-02,0.50,56.5,28.4,151
2020-12-03,1.20,48.6,23.2,49
2020-12-04,0.00,41.0,21.5,148
2020-12-05,8.50,79.6,31.2,36
2020-12-06,0.00,55.1,27.6,299
2020-12-07,0.00,50.0,24.4,287
2020-12-08,0.10,50.8,25.7,198
2020-12-09,0.00,48.6,23.0,46
2020-12-10,0.50,82.1,40.3,165
2020-12-11,0.40,55.1,28.5,149
2020-12-12,1.40,50.4,22.9,121
2020-12-13,1.30,42.5,19.1,85
2020-12-14,3.30,42.8,21.2,77
2020-12-15,20.00,44.6,21.6,72
2020-12-16,6.80,52.2,26.1,48
2020-12-17,1.00,37.8,16.5,22
2020-12-18,2.30,59.0,30.2,240
2020-12-19,11.70,41.8,21.9,146
2020-12-20,5.70,35.6,16.8,106
2020-12-21,16.80,49.3,25.8,75
2020-12-22,11.20,48.2,24.3,277
2020-12-23,0.00,52.6,24.4,204
2020-12-24,0.20,46.8,23.1,30
2020-12-25,3.10,57.2,27.0,154
2020-12-26,4.40,49.0,24.2,48
2020-12-27,0.20,40.7,18.9,8
2020-12-28,0.70,61.2,29.9,167
2020-12-29,13.30,44.3,23.3,185
2020-12-30,5.50,44.3,22.6,137
2020-12-31,1.70,40.3,18.5,153
2021-01-01,2.00,43.6,21.3,152
2021-01-02,6.80,33.1,15.7,104
2021-01-03,4.40,41.4,20.6,39
2021-01-04,1.30,21.6,10.1,356
2021-01-05,0.80,40.7,21.6,123
2021-01-06,2.60,56.5,27.3,175
2021-01-07,2.40,48.2,23.7,168
2021-01-08,4.60,50.0,24.6,157
2021-01-09,0.10,36.0,15.6,142
2021-01-10,0.00,40.0,18.8,39
2021-01-11,0.00,46.1,22.9,35
2021-01-12,0.00,41.4,20.4,36
2021-01-13,0.00,46.4,22.3,41
2021-01-14,0.00,57.6,31.0,46
2021-01-15,0.00,49.0,24.0,152
2021-01-16,0.00,51.5,25.8,256
2021-01-17,0.00,42.8,17.3,157
2021-01-18,0.00,49.7,23.8,23
2021-01-19,2.70,60.1,29.1,169
2021-01-20,0.30,31.3,13.4,162
2021-01-21,0.00,45.4,22.2,30
2021-01-22,0.00,42.5,21.0,20
2021-01-23,0.00,47.2,23.8,63
2021-01-24,0.00,47.2,25.3,35
2021-01-25,0.00,51.5,26.2,41
2021-01-26,0.00,44.6,18.9,21
2021-01-27,9.40,64.1,31.9,173
2021-01-28,8.50,49.0,24.5,138
2021-01-29,12.00,46.8,24.7,76
2021-01-30,7.10,45.7,24.1,24
2021-01-31,4.00,47.5,23.9,161
2021-02-01,3.10,44.6,23.1,74
2021-02-02,20.70,48.2,22.8,185
2021-02-03,1.00,47.5,20.8,157
2021-02-04,0.00,50.8,24.2,35
2021-02-05,0.00,59.8,31.1,40
2021-02-06,15.40,47.5,24.9,18
2021-02-07,0.40,50.4,24.5,170
2021-02-08,3.40,48.6,23.4,173
2021-02-09,0.20,40.7,19.0,157
2021-02-10,1.20,31.3,13.9,108
2021-02-11,0.00,44.6,23.2,35
2021-02-12,0.40,43.6,21.1,16
2021-02-13,8.30,57.2,28.7,173
2021-02-14,1.80,51.8,25.6,186
2021-02-15,4.10,74.2,37.6,185
2021-02-16,3.20,46.8,22.8,132
2021-02-17,5.50,47.5,22.9,127
2021-02-18,2.20,42.1,20.8,99
2021-02-19,3.90,36.4,16.9,75
2021-02-20,1.00,33.1,14.5,71
2021-02-21,1.60,36.7,14.9,163
2021-02-22,1.10,55.1,28.1,187
2021-02-23,1.70,60.1,29.9,184
2021-02-24,5.30,33.5,17.1,140
2021-02-25,18.70,42.5,19.8,26
2021-02-26,0.30,50.4,23.9,150
2021-02-27,2.20,33.5,16.3,49
2021-02-28,0.10,31.7,13.8,149
2021-03-01,0.20,47.5,25.6,7
2021-03-02,0.90,53.6,25.1,171
2021-03-03,1.50,44.3,21.2,173
2021-03-04,0.80,38.9,18.8,355
2021-03-05,1.70,57.6,28.5,186
2021-03-06,0.00,40.7,19.2,178
2021-03-07,0.10,41.8,19.8,34
2021-03-08,0.10,32.8,15.5,347
2021-03-09,0.00,50.0,24.8,175
2021-03-10,1.50,36.7,17.0,97
2021-03-11,0.70,45.7,22.2,37
2021-03-12,8.50,42.1,21.1,22
2021-03-13,0.60,38.5,20.0,20
2021-03-14,23.50,60.8,30.8,191
2021-03-15,1.10,42.1,19.5,192
2021-03-16,4.80,39.6,20.9,163
2021-03-17,5.60,49.3,24.7,112
2021-03-18,34.60,48.2,24.2,97
2021-03-19,4.10,46.1,23.9,116
2021-03-20,67.20,69.8,37.0,95
2021-03-21,44.50,55.8,28.4,74
2021-03-22,50.90,49.3,24.9,53
2021-03-23,27.00,67.3,35.9,32
2021-03-24,0.00,48.2,20.7,295
2021-03-25,0.00,37.4,20.0,279
2021-03-26,1.50,33.5,15.8,217
2021-03-27,0.10,26.6,12.5,317
2021-03-28,0.00,34.9,16.0,184
2021-03-29,0.80,35.3,17.4,186
2021-03-30,0.50,45.0,21.7,188
2021-03-31,2.40,43.6,20.6,195
2021-04-01,0.50,28.8,13.1,232
2021-04-02,0.00,28.1,12.3,347
2021-04-03,0.00,36.0,16.9,13
2021-04-04,0.00,33.8,17.7,9
2021-04-05,0.70,33.5,15.8,168
2021-04-06,2.40,33.1,15.7,122
2021-04-07,9.00,28.1,11.7,129
2021-04-08,1.90,27.0,11.2,114
2021-04-09,0.20,67.3,28.5,257
2021-04-10,0.00,43.2,20.4,256
2021-04-11,0.00,62.3,28.5,268
2021-04-12,0.00,39.2,20.3,241
2021-04-13,0.00,32.4,17.2,337
2021-04-14,0.00,28.8,15.4,319
2021-04-15,0.00,27.4,15.0,272
2021-04-16,0.10,51.8,25.1,190
2021-04-17,0.30,20.9,10.8,273
2021-04-18,0.10,28.1,12.6,283
2021-04-19,0.00,25.6,11.8,323
2021-04-20,0.00,34.2,17.8,305
2021-04-21,0.00,45.0,22.3,227
2021-04-22,0.00,42.1,19.8,266
2021-04-23,0.00,40.0,18.9,265
2021-04-24,0.00,28.4,13.4,294
2021-04-25,0.40,30.6,13.7,229
2021-04-26,0.00,30.6,13.5,306
2021-04-27,0.10,32.4,15.1,209
2021-04-28,0.70,31.3,14.8,17
2021-04-29,0.00,29.2,13.4,23
2021-04-30,0.60,27.4,11.7,357
2021-05-01,1.70,34.9,11.9,31
2021-05-02,0.30,32.0,16.1,20
2021-05-03,0.00,27.4,14.8,352
2021-05-04,16.80,23.0,11.6,266
2021-05-05,28.70,45.4,24.1,189
2021-05-06,20.50,61.9,30.0,148
2021-05-07,10.30,42.5,21.0,180
2021-05-08,0.00,23.8,12.6,287
2021-05-09,0.00,20.2,10.9,289
2021-05-10,0.00,24.1,12.2,303
2021-05-11,0.40,26.6,10.7,296
2021-05-12,2.90,31.7,14.4,199
2021-05-13,0.60,33.5,17.9,267
2021-05-14,0.00,51.1,25.4,266
2021-05-15,0.00,56.5,28.5,275
2021-05-16,0.00,43.6,22.9,264
2021-05-17,0.00,45.7,24.3,257
2021-05-18,0.00,26.3,12.7,296
2021-05-19,0.00,23.8,11.0,315
2021-05-20,0.00,28.8,13.3,277
2021-05-21,2.20,32.8,17.4,217
2021-05-22,0.00,27.4,12.0,257
2021-05-23,0.90,33.8,16.3,228
2021-05-24,2.60,22.7,9.9,359
2021-05-25,0.20,37.8,20.0,9
2021-05-26,0.00,53.3,27.0,281
2021-05-27,0.00,43.6,21.5,260
2021-05-28,0.00,54.7,27.6,223
2021-05-29,0.20,56.9,26.4,224
2021-05-30,0.00,47.2,23.5,221
2021-05-31,0.00,25.9,12.4,296
2021-06-01,0.00,22.0,9.0,292
2021-06-02,0.00,24.1,11.6,322
2021-06-03,14.30,23.8,9.4,292
2021-06-04,0.30,45.4,21.0,252
2021-06-05,0.00,29.9,15.8,262
2021-06-06,0.00,31.3,15.6,275
2021-06-07,0.00,30.2,16.3,338
2021-06-08,6.40,44.3,21.2,3
2021-06-09,1.50,41.4,20.1,301
2021-06-10,6.80,34.2,17.2,333
2021-06-11,0.00,37.8,18.5,287
2021-06-12,0.00,38.5,20.2,313
2021-06-13,0.00,35.6,17.0,281
2021-06-14,0.00,28.4,15.4,258
2021-06-15,3.00,22.7,11.3,260
2021-06-16,2.70,31.7,14.8,330
2021-06-17,5.20,52.2,26.0,291
2021-06-18,1.50,55.4,27.9,268
2021-06-19,9.50,70.9,37.7,224
2021-06-20,6.20,54.7,27.4,204
2021-06-21,1.20,34.2,16.4,220
2021-06-22,0.30,25.6,13.5,290
2021-06-23,0.00,33.1,17.9,2
2021-06-24,4.90,43.9,18.7,352
2021-06-25,0.00,40.7,20.3,308
2021-06-26,0.00,43.9,21.6,294
2021-06-27,0.00,29.5,13.8,275
2021-06-28,1.70,37.4,18.4,217
2021-06-29,6.80,27.4,12.2,201
2021-06-30,2.50,31.0,9.0,5
2021-07-01,0.50,25.2,12.2,342
2021-07-02,0.00,27.7,13.5,322
2021-07-03,0.20,24.1,13.4,284
2021-07-04,0.00,32.4,14.9,286
2021-07-05,0.00,40.3,20.5,263
2021-07-06,0.00,35.6,19.1,261
2021-07-07,0.00,27.0,12.5,268
2021-07-08,0.00,23.0,11.5,310
2021-07-09,12.30,36.7,19.8,241
2021-07-10,10.80,63.4,32.1,215
2021-07-11,2.50,34.2,16.9,204
2021-07-12,0.10,23.8,12.8,342
2021-07-13,0.00,28.4,15.8,315
2021-07-14,1.90,37.8,19.5,344
2021-07-15,0.20,33.1,18.1,334
2021-07-16,0.10,65.9,32.8,305
2021-07-17,0.00,85.0,34.3,296
2021-07-18,0.00,60.5,31.3,265
2021-07-19,0.00,33.8,15.8,279
2021-07-20,0.10,54.4,26.4,297
2021-07-21,0.00,59.4,29.6,229
2021-07-22,0.00,31.0,16.6,321
2021-07-23,0.30,26.6,13.2,354
2021-07-24,0.00,51.8,26.2,310
2021-07-25,0.00,71.3,35.0,291
2021-07-26,1.30,48.2,23.5,305
2021-07-27,0.00,32.4,16.6,334
2021-07-28,0.10,59.4,30.8,333
2021-07-29,0.00,41.8,19.7,254
2021-07-30,0.00,28.8,15.1,324
2021-07-31,0.00,40.7,21.4,355
2021-08-01,0.50,45.7,24.0,287
2021-08-02,0.00,39.6,19.5,3
2021-08-03,3.10,53.6,26.8,309
2021-08-04,0.00,76.7,38.1,274
2021-08-05,0.00,47.9,25.0,262
2021-08-06,0.00,40.3,19.9,266
2021-08-07,0.00,38.5,20.3,263
2021-08-08,2.50,32.0,16.2,170
2021-08-09,0.00,30.6,13.9,3
2021-08-10,0.00,29.5,16.3,345
2021-08-11,0.00,45.0,22.5,344
2021-08-12,0.30,43.9,20.9,264
2021-08-13,0.00,30.6,13.7,271
2021-08-14,0.00,27.4,14.1,316
2021-08-15,0.00,31.0,14.7,284
2021-08-16,0.00,49.7,24.1,270
2021-08-17,0.00,45.0,20.4,238
2021-08-18,0.00,32.4,15.5,334
2021-08-19,0.00,33.1,15.3,11
2021-08-20,0.00,26.6,14.2,306
2021-08-21,0.30,31.7,13.5,312
2021-08-22,0.00,39.2,21.3,357
2021-08-23,0.80,51.8,24.9,344
2021-08-24,71.40,95.8,46.9,253
2021-08-25,3.40,73.1,34.8,253
2021-08-26,0.00,36.0,18.6,237
2021-08-27,0.00,42.5,20.5,273
2021-08-28,0.00,40.3,20.7,244
2021-08-29,0.50,34.2,12.6,328
2021-08-30,0.00,30.6,15.1,284
2021-08-31,0.00,29.2,15.9,334
2021-09-01,0.00,24.8,13.6,297
2021-09-02,0.00,52.9,26.0,30
2021-09-03,0.00,50.0,26.5,27
2021-09-04,12.30,37.8,17.6,3
2021-09-05,5.80,55.8,27.9,282
2021-09-06,0.00,67.0,28.5,224
2021-09-07,0.50,42.1,19.9,257
2021-09-08,0.00,29.2,15.1,332
2021-09-09,0.00,41.8,21.9,298
2021-09-10,0.00,45.7,20.4,254
2021-09-11,0.00,32.0,16.9,321
2021-09-12,0.00,53.3,26.9,311
2021-09-13,2.80,53.6,26.7,196
2021-09-14,8.40,63.4,31.7,197
2021-09-15,0.50,47.9,23.5,203
2021-09-16,0.90,40.0,15.9,198
2021-09-17,0.00,52.6,27.5,20
2021-09-18,0.30,56.9,26.3,316
2021-09-19,0.00,38.9,20.7,314
2021-09-20,0.00,67.3,32.2,300
2021-09-21,0.10,86.8,38.3,215
2021-09-22,0.00,45.4,20.5,225
2021-09-23,0.00,29.2,14.8,296
2021-09-24,0.00,53.6,27.8,306
2021-09-25,0.50,62.3,29.7,182
2021-09-26,4.60,52.6,24.9,164
2021-09-27,0.00,40.7,20.2,30
2021-09-28,0.20,44.3,23.5,26
2021-09-29,3.80,42.5,16.6,30
2021-09-30,4.50,40.3,18.4,9
2021-10-01,4.90,36.0,15.8,349
2021-10-02,1.50,36.0,13.7,295
2021-10-03,0.40,36.7,15.8,288
2021-10-04,0.40,51.8,24.2,272
2021-10-05,0.00,60.1,28.3,265
2021-10-06,0.00,46.1,21.9,295
2021-10-07,0.30,71.3,35.3,249
2021-10-08,0.30,51.8,24.8,50
2021-10-09,0.00,39.6,20.7,25
2021-10-10,11.70,66.6,30.9,192
2021-10-11,6.90,51.8,27.4,182
2021-10-12,3.70,38.2,16.8,109
2021-10-13,8.20,49.0,27.0,55
2021-10-14,22.80,55.1,26.5,22
2021-10-15,1.30,48.2,21.9,298
2021-10-16,0.10,65.5,33.9,282
2021-10-17,0.00,36.0,16.5,306
2021-10-18,0.00,35.6,18.8,360
2021-10-19,3.40,62.6,32.8,195
2021-10-20,0.20,38.9,18.3,187
2021-10-21,0.60,31.7,14.2,109
2021-10-22,1.50,31.7,14.7,70
2021-10-23,9.10,35.6,17.8,40
2021-10-24,1.80,50.0,25.0,175
2021-10-25,1.20,45.0,22.3,196
2021-10-26,0.00,39.6,17.7,105
2021-10-27,0.00,38.5,18.5,67
2021-10-28,0.00,33.5,18.6,7
2021-10-29,0.00,64.1,32.4,304
2021-10-30,0.20,45.0,21.2,167
2021-10-31,0.00,36.7,17.1,50
2021-11-01,0.00,41.8,21.2,33
2021-11-02,0.20,45.4,21.7,52
2021-11-03,0.00,52.6,26.5,36
2021-11-04,14.60,27.0,10.6,47
2021-11-05,9.90,42.8,21.5,66
2021-11-06,0.30,47.2,23.7,37
2021-11-07,9.60,29.2,10.4,344
2021-11-08,11.80,34.2,16.5,173
2021-11-09,0.30,35.6,16.4,130
2021-11-10,7.70,29.2,15.5,23
2021-11-11,4.80,47.2,23.4,154
2021-11-12,16.70,38.9,21.1,157
2021-11-13,0.30,74.9,37.9,286
2021-11-14,2.10,62.3,29.6,291
2021-11-15,0.00,59.0,27.9,280
2021-11-16,0.00,46.1,21.9,186
2021-11-17,1.00,36.0,17.2,66
2021-11-18,0.80,51.8,26.7,30
2021-11-19,0.30,35.6,17.8,25
2021-11-20,1.80,38.2,19.1,185
2021-11-21,24.00,56.2,28.9,155
2021-11-22,3.80,47.9,24.5,148
2021-11-23,3.30,37.1,18.3,122
2021-11-24,0.90,45.4,24.1,36
2021-11-25,11.80,38.5,17.8,31
2021-11-26,21.60,66.6,34.6,179
2021-11-27,4.50,63.0,33.1,180
2021-11-28,1.70,48.6,23.6,181
2021-11-29,0.60,31.3,15.3,131
2021-11-30,0.10,29.9,14.1,64
2021-12-01,4.40,37.4,17.4,51
2021-12-02,0.00,41.0,19.3,42
2021-12-03,0.10,58.0,28.5,179
2021-12-04,9.50,57.2,29.2,176
2021-12-05,2.00,49.0,24.3,151
2021-12-06,0.40,30.6,14.3,57
2021-12-07,0.70,40.3,15.2,7
2021-12-08,13.90,49.7,26.0,181
2021-12-09,17.70,33.8,15.6,168
2021-12-10,12.40,57.6,31.1,259
2021-12-11,0.10,60.1,30.5,206
2021-12-12,1.00,47.9,23.5,190
2021-12-13,0.00,37.1,16.5,178
2021-12-14,0.00,33.5,14.6,176
2021-12-15,0.20,37.8,18.6,31
2021-12-16,1.40,48.6,24.4,161
2021-12-17,0.70,41.4,21.4,61
2021-12-18,0.30,43.9,19.4,12
2021-12-19,0.20,51.5,26.7,332
2021-12-20,0.80,45.0,22.7,43
2021-12-21,0.00,35.3,15.5,170
2021-12-22,0.30,39.6,19.1,153
2021-12-23,4.80,37.1,17.7,63
2021-12-24,2.20,37.1,17.4,152
2021-12-25,0.00,48.2,25.2,34
2021-12-26,4.10,51.5,27.9,167
2021-12-27,6.90,60.8,31.3,171
2021-12-28,6.10,50.4,24.5,160
2021-12-29,6.50,30.6,12.5,173
2021-12-30,0.00,41.8,20.9,27
2021-12-31,0.00,47.9,24.7,37
2022-01-01,0.10,46.4,23.3,35
2022-01-02,0.00,49.0,25.7,37
2022-01-03,0.00,36.4,17.1,121
2022-01-04,0.70,42.5,20.3,144
2022-01-05,25.10,39.2,18.5,110
2022-01-06,5.70,61.6,31.3,53
2022-01-07,14.20,65.9,34.2,40
2022-01-08,8.10,42.8,23.7,56
2022-01-09,5.80,38.9,19.8,156
2022-01-10,0.60,41.4,21.2,51
2022-01-11,3.00,37.8,18.4,55
2022-01-12,4.40,39.2,18.9,149
2022-01-13,10.50,28.8,12.3,148
2022-01-14,0.90,38.2,19.1,38
2022-01-15,2.40,39.2,17.8,18
2022-01-16,0.00,40.3,20.3,174
2022-01-17,0.00,34.6,16.6,37
2022-01-18,7.20,41.0,21.8,175
2022-01-19,11.80,61.9,32.3,169
2022-01-20,2.30,60.1,29.5,141
2022-01-21,2.50,41.8,19.6,122
2022-01-22,1.10,41.8,19.7,155
2022-01-23,3.90,32.0,14.6,154
2022-01-24,4.50,28.8,14.1,127
2022-01-25,0.20,35.6,16.9,53
2022-01-26,0.10,40.3,18.7,64
2022-01-27,0.10,42.8,21.1,45
2022-01-28,0.00,46.8,24.0,39
2022-01-29,0.00,46.1,22.1,43
2022-01-30,0.50,34.2,15.9,58
2022-01-31,0.80,34.6,16.2,70
2022-02-01,2.30,25.6,12.6,354
2022-02-02,12.10,56.2,29.0,180
2022-02-03,3.30,73.4,37.8,192
2022-02-04,5.70,64.4,32.8,172
2022-02-05,3.40,52.2,26.2,151
2022-02-06,5.80,54.7,26.8,149
2022-02-07,4.60,51.5,25.2,168
2022-02-08,4.70,34.9,17.0,189
2022-02-09,0.00,41.4,20.4,1
2022-02-10,0.60,37.4,20.3,84
2022-02-11,4.50,57.2,28.7,174
2022-02-12,8.40,41.8,18.5,153
2022-02-13,1.60,36.4,16.9,76
2022-02-14,0.10,42.8,22.7,32
2022-02-15,0.10,45.7,23.6,40
2022-02-16,0.20,43.2,21.3,34
2022-02-17,0.90,46.8,24.7,27
2022-02-18,1.50,45.0,23.3,139
2022-02-19,2.50,40.7,20.0,126
2022-02-20,0.10,48.2,25.4,25
2022-02-21,0.20,42.5,21.6,140
2022-02-22,27.20,35.3,17.0,129
2022-02-23,9.50,33.5,16.6,89
2022-02-24,19.40,38.2,18.7,57
2022-02-25,14.80,32.4,12.7,82
2022-02-26,41.40,31.3,15.7,103
2022-02-27,5.10,26.3,14.3,76
2022-02-28,6.10,39.6,20.3,68
2022-03-01,20.20,44.6,24.3,102
2022-03-02,47.80,43.2,23.8,103
2022-03-03,35.30,54.4,26.8,156
2022-03-04,7.40,43.2,21.4,157
2022-03-05,2.90,38.5,19.6,29
2022-03-06,25.00,54.4,27.8,159
2022-03-07,43.70,44.3,23.8,120
2022-03-08,62.30,82.8,41.1,193
2022-03-09,4.30,69.5,37.6,215
2022-03-10,0.00,41.8,20.4,196
2022-03-11,2.20,31.7,13.5,171
2022-03-12,0.60,36.4,17.7,69
2022-03-13,0.60,26.6,12.2,74
2022-03-14,1.30,35.3,16.5,132
2022-03-15,0.10,33.1,16.0,119
2022-03-16,6.00,29.2,14.6,70
2022-03-17,0.30,28.1,13.3,18
2022-03-18,3.10,31.3,16.2,146
2022-03-19,4.50,54.4,27.7,175
2022-03-20,0.00,33.8,16.1,219
2022-03-21,0.80,34.2,16.9,184
2022-03-22,0.00,36.0,18.5,12
2022-03-23,0.70,50.8,25.7,168
2022-03-24,26.10,26.6,13.0,96
2022-03-25,5.70,41.0,19.6,140
2022-03-26,9.10,28.8,14.0,132
2022-03-27,6.50,29.2,12.8,119
2022-03-28,14.80,28.4,12.5,178
2022-03-29,8.00,22.7,11.6,210
2022-03-30,3.80,56.2,29.2,186
2022-03-31,10.20,73.1,35.4,196
2022-04-01,7.70,70.6,34.0,216
2022-04-02,1.00,46.1,24.2,254
2022-04-03,0.00,30.6,16.1,310
2022-04-04,0.00,27.4,13.9,300
2022-04-05,0.10,33.5,15.3,219
2022-04-06,34.70,56.9,29.8,155
2022-04-07,65.80,51.5,25.2,92
2022-04-08,5.10,43.2,20.6,95
2022-04-09,3.40,36.7,18.2,55
2022-04-10,3.60,24.1,10.1,13
2022-04-11,0.30,39.6,20.8,217
2022-04-12,2.10,36.7,19.8,180
2022-04-13,6.10,39.6,19.8,175
2022-04-14,1.40,24.8,11.8,198
2022-04-15,0.00,31.0,15.5,338
2022-04-16,0.20,18.7,9.3,296
2022-04-17,0.20,33.1,16.5,354
2022-04-18,0.00,24.5,13.9,2
2022-04-19,6.90,44.6,23.3,15
2022-04-20,0.10,42.8,23.0,274
2022-04-21,1.30,49.7,25.5,197
2022-04-22,3.50,41.4,19.1,155
2022-04-23,2.50,22.3,11.5,138
2022-04-24,0.70,29.9,13.9,165
2022-04-25,4.60,27.4,10.9,234
2022-04-26,0.90,21.6,8.6,236
2022-04-27,4.80,24.8,10.4,9
2022-04-28,6.10,31.7,16.8,1
2022-04-29,0.30,23.8,13.6,357
2022-04-30,4.50,45.0,20.9,316
2022-05-01,0.00,26.3,14.5,266
2022-05-02,0.20,23.4,11.2,331
2022-05-03,0.00,28.4,14.9,341
2022-05-04,0.00,24.1,12.3,349
2022-05-05,5.70,28.4,16.0,256
2022-05-06,2.20,34.6,15.2,262
2022-05-07,0.00,29.5,14.7,294
2022-05-08,0.00,33.1,12.6,271
2022-05-09,12.80,24.8,14.5,219
2022-05-10,1.10,41.0,20.6,119
2022-05-11,18.70,33.8,18.6,68
2022-05-12,9.90,47.9,26.3,26
2022-05-13,11.50,31.7,16.7,4
2022-05-14,0.10,29.5,15.9,359
2022-05-15,0.50,19.8,10.7,287
2022-05-16,0.00,25.6,14.4,301
2022-05-17,0.00,39.6,19.1,273
2022-05-18,0.00,39.2,18.6,265
2022-05-19,0.00,31.3,16.9,250
2022-05-20,9.60,32.8,18.3,217
2022-05-21,11.20,31.0,16.1,174
2022-05-22,6.00,38.2,15.6,184
2022-05-23,11.80,31.0,13.8,167
2022-05-24,10.10,26.6,12.2,199
2022-05-25,0.50,21.6,9.0,251
2022-05-26,0.00,21.2,10.5,326
2022-05-27,0.00,18.7,8.7,321
2022-05-28,0.00,27.0,13.4,277
2022-05-29,0.00,39.6,20.5,260
2022-05-30,6.90,49.3,24.5,327
2022-05-31,0.00,75.2,35.6,291
2022-06-01,0.00,70.2,36.0,273
2022-06-02,0.00,47.5,26.0,268
2022-06-03,0.70,32.4,18.1,314
2022-06-04,0.80,42.8,22.0,294
2022-06-05,0.00,50.8,24.7,342
2022-06-06,0.00,60.1,31.3,312
2022-06-07,0.00,50.4,26.7,301
2022-06-08,0.00,51.5,25.2,272
2022-06-09,0.00,52.2,26.9,277
2022-06-10,0.00,41.8,21.8,270
2022-06-11,0.00,49.7,27.4,268
2022-06-12,0.00,56.9,28.7,266
2022-06-13,0.00,30.2,16.7,265
2022-06-14,0.00,24.5,13.1,314
2022-06-15,0.00,23.4,12.0,307
2022-06-16,0.30,26.3,15.5,294
2022-06-17,0.00,40.7,22.8,240
2022-06-18,0.70,46.8,24.2,213
2022-06-19,2.20,48.6,24.9,205
2022-06-20,1.60,22.0,11.0,253
2022-06-21,4.80,25.9,12.3,302
2022-06-22,0.00,41.0,22.9,266
2022-06-23,0.00,27.0,15.5,282
2022-06-24,0.00,34.9,18.1,298
2022-06-25,0.00,33.8,18.7,282
2022-06-26,0.00,21.2,12.1,273
2022-06-27,0.90,58.3,30.4,216
2022-06-28,0.70,38.2,19.1,216
2022-06-29,0.00,25.9,14.7,323
2022-06-30,0.30,28.4,13.7,245
2022-07-01,40.40,27.7,15.6,231
2022-07-02,29.40,26.6,14.6,143
2022-07-03,52.80,84.2,42.2,136
2022-07-04,34.20,63.4,34.4,162
2022-07-05,38.60,71.3,38.7,151
2022-07-06,27.00,50.0,27.2,152
2022-07-07,6.20,39.6,21.8,219
2022-07-08,0.00,58.0,30.3,268
2022-07-09,0.00,40.7,22.4,258
2022-07-10,12.90,54.0,25.8,179
2022-07-11,1.30,30.2,15.4,218
2022-07-12,2.00,22.3,11.3,289
2022-07-13,0.90,42.8,21.4,232
2022-07-14,0.70,64.8,33.0,213
2022-07-15,0.00,30.2,15.5,279
2022-07-16,0.00,32.8,18.3,311
2022-07-17,0.00,52.6,28.6,332
2022-07-18,0.00,50.0,25.6,267
2022-07-19,4.50,51.8,27.3,197
2022-07-20,3.00,26.3,14.3,205
2022-07-21,5.00,37.1,20.4,103
2022-07-22,2.10,42.5,21.7,104
2022-07-23,2.10,24.8,12.3,142
2022-07-24,1.20,22.0,10.7,297
2022-07-25,0.00,23.8,12.6,337
2022-07-26,4.20,52.6,28.6,268
2022-07-27,0.00,48.6,26.7,256
2022-07-28,0.00,39.6,19.5,260
2022-07-29,0.00,49.3,24.9,215
2022-07-30,0.00,24.8,13.2,292
2022-07-31,0.00,31.3,16.6,356
2022-08-01,0.60,41.4,22.2,323
2022-08-02,0.00,26.6,13.5,330
2022-08-03,0.30,40.0,22.1,0
2022-08-04,7.10,59.8,32.2,351
2022-08-05,0.00,46.4,24.3,317
2022-08-06,0.20,43.6,23.1,297
2022-08-07,3.40,40.7,20.5,225
2022-08-08,0.10,42.8,21.3,211
2022-08-09,2.20,49.7,25.1,210
2022-08-10,2.10,32.4,15.6,204
2022-08-11,0.10,27.0,15.3,346
2022-08-12,11.40,31.7,16.0,359
2022-08-13,3.70,36.0,16.6,295
2022-08-14,0.00,49.7,24.2,308
2022-08-15,0.00,42.8,22.3,309
2022-08-16,0.00,37.8,18.4,274
2022-08-17,0.00,30.6,17.1,260
2022-08-18,0.00,28.4,16.1,317
2022-08-19,1.60,43.2,19.2,283
2022-08-20,0.00,41.4,21.3,271
2022-08-21,0.00,33.5,16.8,283
2022-08-22,0.00,45.0,22.8,322
2022-08-23,23.60,67.0,33.1,267
2022-08-24,0.60,50.0,22.1,234
2022-08-25,0.40,39.2,19.5,253
2022-08-26,0.80,46.8,23.0,200
2022-08-27,1.60,27.0,12.0,194
2022-08-28,0.00,33.8,16.6,16
2022-08-29,0.00,38.9,20.2,17
2022-08-30,0.10,49.3,24.8,320
2022-08-31,2.00,34.9,19.1,202
2022-09-01,1.00,34.9,18.1,17
2022-09-02,2.50,53.3,29.1,189
2022-09-03,7.60,65.2,33.2,172
2022-09-04,3.00,62.3,28.7,178
2022-09-05,0.50,49.0,25.6,200
2022-09-06,2.20,34.2,13.8,194
2022-09-07,0.90,29.9,14.5,52
2022-09-08,0.10,54.0,29.6,33
2022-09-09,6.60,36.0,17.0,7
2022-09-10,0.10,37.8,18.0,290
2022-09-11,0.00,35.3,17.3,265
2022-09-12,0.00,40.3,18.4,258
2022-09-13,0.40,43.2,20.8,188
2022-09-14,0.30,27.4,12.2,328
2022-09-15,11.10,40.7,21.6,14
2022-09-16,0.50,42.5,20.3,308
2022-09-17,0.00,49.3,25.0,309
2022-09-18,0.00,41.8,19.8,303
2022-09-19,0.00,42.1,21.8,271
2022-09-20,0.10,41.8,21.0,21
2022-09-21,1.90,53.3,26.7,34
2022-09-22,6.60,49.3,24.7,50
2022-09-23,10.10,32.4,17.1,34
2022-09-24,4.80,36.0,16.6,215
2022-09-25,0.00,31.3,14.6,259
2022-09-26,1.20,25.6,13.2,358
2022-09-27,0.10,36.0,16.4,14
2022-09-28,8.10,33.5,15.9,237
2022-09-29,4.90,63.4,32.7,202
2022-09-30,9.70,56.5,29.8,186
2022-10-01,0.60,40.3,20.1,156
2022-10-02,3.90,34.6,13.6,180
2022-10-03,0.00,34.6,17.6,15
2022-10-04,0.00,32.0,14.1,100
2022-10-05,13.90,37.1,19.6,91
2022-10-06,11.30,38.9,21.4,42
2022-10-07,11.40,33.5,15.0,18
2022-10-08,44.40,33.5,16.3,153
2022-10-09,15.80,56.9,30.3,202
2022-10-10,0.90,30.2,14.0,137
2022-10-11,0.10,31.7,15.3,58
2022-10-12,1.70,40.0,19.8,45
2022-10-13,0.00,51.5,27.7,34
2022-10-14,7.80,50.4,25.1,308
2022-10-15,0.00,38.9,19.4,31
2022-10-16,3.90,39.2,18.5,152
2022-10-17,4.10,40.7,21.7,152
2022-10-18,0.90,33.1,15.1,58
2022-10-19,0.10,32.8,14.8,151
2022-10-20,5.10,42.8,23.8,68
2022-10-21,9.40,54.7,29.6,35
2022-10-22,1.80,46.1,23.5,30
2022-10-23,7.10,35.6,17.1,53
2022-10-24,15.20,40.7,21.7,92
2022-10-25,6.50,35.6,19.0,324
2022-10-26,0.10,40.0,19.9,296
2022-10-27,1.80,41.0,19.0,301
2022-10-28,0.30,54.4,28.4,287
2022-10-29,0.70,41.8,21.3,276
2022-10-30,0.00,40.3,20.6,16
2022-10-31,3.60,53.3,28.8,354
2022-11-01,2.80,58.3,29.7,306
2022-11-02,0.20,66.2,30.0,270
2022-11-03,0.60,41.8,20.6,224
2022-11-04,0.40,29.5,13.2,85
2022-11-05,0.60,36.7,18.1,47
2022-11-06,0.00,39.6,18.9,46
2022-11-07,1.20,42.8,20.1,47
2022-11-08,0.20,37.4,18.0,54
2022-11-09,0.20,41.0,20.3,60
2022-11-10,0.00,42.1,21.2,53
2022-11-11,0.00,36.7,17.6,26
2022-11-12,0.00,33.8,14.3,147
2022-11-13,2.40,46.1,24.9,14
2022-11-14,1.10,65.2,33.3,303
2022-11-15,1.70,38.2,17.4,211
2022-11-16,1.50,48.2,20.4,224
2022-11-17,0.00,44.6,20.8,200
2022-11-18,0.00,44.6,20.2,185
2022-11-19,0.00,49.0,24.5,31
2022-11-20,0.00,64.4,33.0,290
2022-11-21,0.00,73.4,37.9,288
2022-11-22,0.00,60.8,31.2,263
2022-11-23,0.10,51.1,25.8,267
2022-11-24,0.00,41.8,19.2,134
2022-11-25,1.60,42.5,19.3,99
2022-11-26,0.10,41.8,20.2,131
2022-11-27,4.10,46.1,19.4,37
2022-11-28,0.90,37.8,17.3,151
2022-11-29,0.30,52.9,26.4,159
2022-11-30,0.00,40.7,19.5,63
2022-12-01,0.00,36.4,15.8,110
2022-12-02,0.40,39.6,19.4,139
2022-12-03,1.20,38.2,18.8,72
2022-12-04,0.10,51.8,26.0,37
2022-12-05,2.50,40.3,20.0,32
2022-12-06,0.50,43.9,20.5,167
2022-12-07,0.00,42.8,21.4,323
2022-12-08,1.20,52.6,25.3,192
2022-12-09,0.10,40.3,19.5,164
2022-12-10,0.40,38.9,19.1,107
2022-12-11,0.10,50.4,28.0,32
2022-12-12,1.50,68.4,30.1,310
2022-12-13,0.00,41.4,18.9,351
2022-12-14,0.10,54.7,27.0,245
2022-12-15,0.30,58.7,30.9,200
2022-12-16,0.60,56.2,29.2,193
2022-12-17,2.20,61.6,30.6,190
2022-12-18,5.10,62.3,31.7,188
2022-12-19,0.80,61.9,31.0,182
2022-12-20,0.20,47.9,22.9,175
2022-12-21,0.40,40.3,19.1,129
2022-12-22,0.60,34.9,18.4,34
2022-12-23,0.00,36.0,15.6,75
2022-12-24,0.00,39.2,18.7,52
2022-12-25,0.00,37.8,19.5,112
2022-12-26,0.00,45.0,21.8,41
2022-12-27,0.00,40.7,19.3,49
2022-12-28,0.00,56.5,28.8,34
2022-12-29,0.30,50.0,26.6,170
2022-12-30,5.90,38.2,18.0,92
2022-12-31,1.30,36.7,18.7,64
